Site_Id,Read_Date,Salinity (ppt),Dissolved Oxygen (mg/L),pH (standard units),Secchi Depth (m),Water Depth (m),Water Temp (?C),Air Temp (?F),AirTemp (C),Year
Bay,1/3/1994,1.3,11.7,7.3,0.4,0.4,5.9,46.4,8.0,1994
Bay,1/31/1994,1.5,12.0,7.4,0.2,0.35,3.0,36.68,2.6,1994
Bay,2/7/1994,1.0,10.5,7.2,0.25,0.6,5.9,45.68,7.6,1994
Bay,2/23/1994,1.0,10.1,7.4,0.35,0.5,10.0,36.86,2.7,1994
Bay,2/28/1994,1.0,12.6,7.2,0.2,0.4,1.6,32.0,0.0,1994
Bay,3/7/1994,1.0,9.9,7.1,0.2,0.9,9.7,59.36,15.2,1994
Bay,3/14/1994,0.5,10.4,7.2,0.25,0.75,9.8,50.18,10.1,1994
Bay,3/28/1994,1.0,9.2,7.1,0.15,0.95,16.1,71.78,22.1,1994
Bay,4/4/1994,1.0,9.2,7.2,0.25,0.75,15.0,56.3,13.5,1994
Bay,4/11/1994,1.0,8.6,7.3,0.2,0.75,15.7,55.4,13.0,1994
Bay,4/18/1994,1.0,8.8,7.6,0.2,0.7,17.5,61.88,16.6,1994
Bay,4/25/1994,1.0,10.0,7.9,0.2,0.5,19.3,71.78,22.1,1994
Bay,5/2/1994,1.3,9.8,7.5,0.2,0.65,16.1,55.4,13.0,1994
Bay,5/9/1994,1.0,10.1,7.9,0.25,0.75,18.8,67.1,19.5,1994
Bay,5/16/1994,1.0,8.2,7.8,0.25,0.8,22.1,72.14,22.3,1994
Bay,5/23/1994,1.0,10.8,9.1,0.05,0.05,21.7,75.74,24.3,1994
Bay,5/30/1994,1.0,8.7,8.5,0.35,0.8,22.3,72.86,22.7,1994
Bay,6/6/1994,1.0,9.4,8.6,0.35,0.8,23.8,78.26,25.7,1994
Bay,6/13/1994,1.2,10.4,9.0,0.35,0.8,27.9,80.42,26.9,1994
Bay,6/20/1994,1.5,9.8,9.0,0.35,0.7,29.5,86.9,30.5,1994
Bay,6/27/1994,1.5,7.3,8.1,0.25,1.2,25.5,82.22,27.9,1994
Bay,7/3/1994,2.0,10.7,9.0,0.4,0.9,28.5,82.4,28.0,1994
Bay,6/25/1994,2.0,11.0,9.4,0.5,0.9,30.5,83.3,28.5,1994
Bay,8/1/1994,2.0,10.7,9.2,0.45,0.75,29.0,77.9,25.5,1994
Bay,8/8/1994,2.0,10.2,9.2,0.4,0.55,22.0,70.7,21.5,1994
Bay,8/15/1994,2.3,6.9,8.8,0.45,0.9,24.5,68.0,20.0,1994
Bay,8/22/1994,2.0,9.1,9.1,0.45,0.9,27.0,76.1,24.5,1994
Bay,8/29/1994,2.3,9.8,9.3,0.45,0.75,27.0,80.6,27.0,1994
Bay,9/5/1994,2.5,8.6,8.5,0.2,1.2,17.0,62.6,17.0,1994
Bay,9/12/1994,2.5,7.9,8.4,0.35,0.6,21.0,66.2,19.0,1994
Bay,9/19/1994,2.5,8.2,8.1,0.45,0.6,20.5,70.7,21.5,1994
Bay,9/26/1994,2.25,6.9,8.1,0.45,0.8,23.0,73.4,23.0,1994
Bay,10/10/1994,2.5,8.4,8.1,0.45,0.5,17.0,62.6,17.0,1994
Bay,10/24/1994,2.5,7.4,7.6,0.35,0.85,18.0,66.2,19.0,1994
Bay,11/7/1994,2.5,9.0,7.3,0.2,0.5,15.0,59.0,15.0,1994
Bay,11/28/1994,2.8,9.4,7.7,0.25,0.65,13.0,63.5,17.5,1994
Bay,12/12/1994,2.5,11.4,6.9,0.35,0.4,5.0,41.0,5.0,1994
Bay,12/29/1994,3.0,10.4,6.9,0.15,0.4,8.0,49.1,9.5,1994
Bay,5/18/1989,,12.0,7.5,0.2,0.6,17.5,68.9,20.5,1989
Bay,6/1/1989,,12.0,8.0,0.4,0.9,25.5,84.2,29.0,1989
Bay,7/20/1989,,1.6,9.0,0.3,0.9,30.0,90.5,32.5,1989
Bay,7/27/1989,,6.2,9.0,0.3,0.8,27.0,80.6,27.0,1989
Bay,8/3/1989,,5.8,9.5,0.2,0.7,25.0,82.4,28.0,1989
Bay,8/10/1989,,3.2,9.0,0.2,0.3,21.5,72.5,22.5,1989
Bay,8/17/1989,,7.3,9.0,0.2,0.8,28.0,84.2,29.0,1989
Bay,8/31/1989,,7.1,9.0,0.2,0.8,28.0,82.4,28.0,1989
Bay,9/14/1989,,6.0,7.5,0.3,0.9,26.0,78.8,26.0,1989
Bay,10/25/1989,,7.8,8.5,0.2,0.5,15.0,66.2,19.0,1989
Bay,11/27/1989,,10.3,7.5,0.2,0.6,9.0,39.2,4.0,1989
Bay,12/11/1989,,10.2,7.0,0.2,0.4,3.0,37.4,3.0,1989
Bay,1/3/1990,,11.9,7.5,0.2,0.6,3.0,41.0,5.0,1990
Bay,1/8/1990,,10.8,7.5,0.2,0.4,7.0,45.5,7.5,1990
Bay,1/22/1990,1.0,9.7,7.5,0.15,0.65,10.0,53.6,12.0,1990
Bay,1/30/1990,,10.8,7.5,0.2,0.7,9.0,55.4,13.0,1990
Bay,2/7/1990,3.4,10.8,7.5,0.2,0.6,10.0,50.0,10.0,1990
Bay,2/12/1990,3.2,10.6,7.0,0.2,0.7,10.0,48.2,9.0,1990
Bay,2/20/1990,4.2,11.6,7.5,0.15,0.39,5.0,41.0,5.0,1990
Bay,2/27/1990,2.8,13.8,7.0,0.5,1.5,2.5,33.8,1.0,1990
Bay,3/5/1990,2.9,11.6,7.0,0.2,0.4,7.0,47.3,8.5,1990
Bay,3/12/1990,2.9,9.0,7.0,0.15,0.69,17.0,69.8,21.0,1990
Bay,3/19/1990,2.8,7.8,7.0,0.22,0.92,15.0,57.2,14.0,1990
Bay,3/26/1990,3.0,10.8,7.0,0.25,0.4,9.5,48.2,9.0,1990
Bay,4/2/1990,1.8,9.6,8.0,0.15,0.7,5.0,59.0,15.0,1990
Bay,4/9/1990,4.1,10.8,7.0,0.25,0.78,11.0,53.6,12.0,1990
Bay,4/16/1990,2.5,9.7,7.0,0.25,0.72,15.0,57.2,14.0,1990
Bay,4/23/1990,2.8,10.7,7.0,0.25,0.59,15.0,59.0,15.0,1990
Bay,4/30/1990,3.2,10.0,7.0,0.88,1.3,18.0,60.8,16.0,1990
Bay,5/7/1990,4.5,8.9,7.0,0.25,0.75,17.0,64.4,18.0,1990
Bay,5/14/1990,3.7,8.4,7.0,0.32,1.0,20.0,66.2,19.0,1990
Bay,5/29/1990,2.1,8.9,7.0,0.375,0.95,19.0,68.0,20.0,1990
Bay,6/4/1990,3.5,6.9,7.0,0.4,1.22,24.0,77.0,25.0,1990
Bay,6/11/1990,3.2,7.9,7.0,0.35,0.75,24.0,71.6,22.0,1990
Bay,6/16/1990,3.2,7.7,7.0,0.32,0.62,23.5,68.0,20.0,1990
Bay,6/24/1990,3.8,7.9,7.0,0.35,0.91,26.0,78.8,26.0,1990
Bay,7/2/1990,3.7,7.8,7.0,0.35,0.78,24.0,74.3,23.5,1990
Bay,7/9/1990,4.2,7.5,7.5,0.3,0.82,26.0,79.7,26.5,1990
Bay,7/16/1990,3.9,7.5,7.0,0.375,1.25,26.5,,-17.77777778,1990
Bay,7/26/1990,4.2,6.9,7.75,0.375,0.48,27.0,78.8,26.0,1990
Bay,8/6/1990,4.2,7.7,8.0,0.4,0.98,26.0,78.8,26.0,1990
Bay,8/13/1990,4.2,7.8,8.0,0.35,0.82,27.0,80.6,27.0,1990
Bay,8/27/1990,4.2,8.9,8.0,0.35,0.94,27.0,83.3,28.5,1990
Bay,9/4/1990,2.9,8.1,8.0,0.25,0.68,23.0,75.2,24.0,1990
Bay,9/17/1990,2.4,8.8,8.0,0.25,0.78,21.0,64.4,18.0,1990
Bay,10/15/1990,3.5,8.2,8.0,0.3,0.93,23.0,71.6,22.0,1990
Bay,10/29/1990,0.7,12.5,8.0,0.1,0.38,9.0,50.0,10.0,1990
Bay,12/17/1990,0.5,11.05,7.5,0.25,0.6,8.0,46.4,8.0,1990
Bay,1/7/1991,0.7,11.8,8.0,0.2,0.39,9.0,46.4,8.0,1991
Bay,1/14/1991,0.4,12.2,8.0,0.2,0.65,4.5,39.2,4.0,1991
Bay,1/24/1991,0.5,13.2,7.5,0.2,0.65,4.5,40.1,4.5,1991
Bay,1/3/1991,0.5,11.9,7.5,0.25,0.78,9.0,51.8,11.0,1991
Bay,2/11/1991,0.7,11.1,7.5,0.3,0.41,7.5,46.4,8.0,1991
Bay,2/21/1991,1.2,10.8,7.5,0.2,0.72,12.0,50.9,10.5,1991
Bay,2/25/1991,0.7,11.8,7.5,0.2,0.28,8.0,46.4,8.0,1991
Bay,3/4/1991,1.2,10.0,7.5,0.2,1.6,15.0,60.8,16.0,1991
Bay,3/11/1991,0.4,12.9,7.5,0.15,0.35,6.0,39.2,4.0,1991
Bay,3/18/1991,,9.95,7.7,0.25,0.69,11.0,57.2,14.0,1991
Bay,3/25/1991,0.0,9.8,8.0,0.275,0.94,14.0,55.4,13.0,1991
Bay,4/4/1991,1.2,10.7,8.0,0.32,0.78,13.0,57.2,14.0,1991
Bay,4/8/1991,2.1,8.7,8.0,0.32,0.83,19.0,69.8,21.0,1991
Bay,4/15/1991,1.2,8.9,7.5,0.32,0.52,14.0,59.9,15.5,1991
Bay,4/22/1991,0.9,9.75,7.5,0.2,0.55,12.5,55.4,13.0,1991
Bay,4/29/1991,2.4,8.3,7.5,0.35,0.8,20.5,64.4,18.0,1991
Bay,5/6/1991,2.6,8.0,7.5,0.35,0.95,21.0,74.3,23.5,1991
Bay,5/20/1991,1.3,9.5,7.5,0.3,0.5,15.5,59.0,15.0,1991
Bay,6/10/1991,3.0,6.9,7.5,0.3,0.7,23.0,78.8,26.0,1991
Bay,6/17/1991,3.8,6.8,7.5,0.325,1.09,26.0,80.6,27.0,1991
Bay,6/26/1991,2.8,8.1,7.5,0.25,0.7,21.0,70.7,21.5,1991
Bay,7/9/1991,1.8,7.8,7.5,0.35,0.95,28.0,85.1,29.5,1991
Bay,7/15/1991,0.0,8.0,7.5,0.99,0.375,27.5,82.4,28.0,1991
Bay,7/25/1991,,7.8,7.0,0.4,0.925,29.0,84.2,29.0,1991
Bay,8/2/1991,0.7,8.0,7.5,0.35,1.025,24.5,79.7,26.5,1991
Bay,8/9/1991,,8.4,8.0,0.35,1.025,27.0,84.2,29.0,1991
Bay,8/16/1991,,8.8,8.0,0.38,1.01,25.0,78.8,26.0,1991
Bay,8/23/1991,,7.8,8.0,0.375,0.88,26.0,82.4,28.0,1991
Bay,8/30/1991,,7.8,8.0,,,26.0,81.5,27.5,1991
Bay,9/6/1991,,7.7,8.0,0.375,0.9,25.0,76.1,24.5,1991
Bay,9/13/1991,,8.2,8.0,0.2,0.37,22.5,77.0,25.0,1991
Bay,9/23/1991,1.8,8.5,8.0,0.31,0.52,20.0,69.8,21.0,1991
Bay,10/4/1991,3.5,7.7,7.5,0.28,0.7,21.0,71.6,22.0,1991
Bay,10/17/1991,9.0,9.7,7.5,0.2,0.65,13.0,51.8,11.0,1991
Bay,10/31/1991,2.5,9.2,7.5,,1.5,13.0,59.0,15.0,1991
Bay,11/7/1991,4.7,10.2,7.7,0.25,0.75,13.0,56.3,13.5,1991
Bay,11/14/1991,6.2,11.3,7.0,0.15,0.8,12.0,56.3,13.5,1991
Bay,11/21/1991,2.6,9.1,7.0,0.15,0.85,17.0,67.1,19.5,1991
Bay,11/29/1991,3.3,10.8,7.5,0.25,0.6,12.0,59.0,15.0,1991
Bay,12/9/1991,2.0,10.4,7.5,0.15,0.25,10.0,59.0,15.0,1991
Bay,12/20/1991,1.4,15.1,8.0,0.2,0.3,2.0,35.6,2.0,1991
Bay,12/27/1991,2.9,11.6,7.5,0.35,0.49,7.0,44.6,7.0,1991
Bay,1/3/1992,2.0,11.8,7.5,0.28,0.45,10.0,53.6,12.0,1992
Bay,1/9/1992,2.2,11.3,7.5,0.3,0.99,7.5,49.1,9.5,1992
Bay,1/20/1992,1.4,12.6,7.0,0.2,0.58,2.0,32.9,0.5,1992
Bay,1/30/1992,1.6,11.6,7.0,0.25,0.48,6.0,43.7,6.5,1992
Bay,2/10/1992,2.4,14.2,7.0,0.25,0.3,3.0,39.2,4.0,1992
Bay,2/17/1992,2.0,11.1,7.0,0.15,0.68,10.0,44.6,7.0,1992
Bay,2/23/1992,2.4,10.0,7.5,0.15,0.68,12.5,54.5,12.5,1992
Bay,3/2/1992,2.9,11.3,8.0,0.2,0.8,13.0,59.9,15.5,1992
Bay,3/9/1992,3.5,10.0,7.5,0.25,0.75,16.0,64.4,18.0,1992
Bay,3/23/1992,2.9,11.6,7.5,0.05,0.35,3.0,44.6,7.0,1992
Bay,4/6/1992,3.0,11.0,7.5,0.25,0.42,9.0,50.0,10.0,1992
Bay,4/13/1992,3.8,10.6,7.5,0.1,0.5,13.0,45.5,7.5,1992
Bay,4/20/1992,4.7,9.4,7.0,0.2,0.78,17.0,55.4,13.0,1992
Bay,4/27/1992,3.7,9.6,7.0,0.35,0.65,14.0,55.49,13.05,1992
Bay,5/5/1992,3.8,8.9,7.5,0.2,0.6,15.5,50.0,10.0,1992
Bay,5/11/1992,4.2,9.2,7.5,0.3,0.7,17.5,62.6,17.0,1992
Bay,6/1/1992,5.0,9.4,7.0,0.4,0.9,20.0,68.9,20.5,1992
Bay,6/8/1992,4.3,7.9,7.0,0.4,1.05,27.5,84.2,29.0,1992
Bay,6/15/1992,5.1,7.8,8.0,0.4,0.8,25.0,84.2,29.0,1992
Bay,6/22/1992,4.7,9.0,7.5,0.45,0.68,19.0,64.4,18.0,1992
Bay,6/29/1992,4.5,0.8,7.5,0.4,0.8,26.0,78.8,26.0,1992
Bay,7/6/1992,4.3,7.5,7.5,0.45,1.0,25.0,75.2,24.0,1992
Bay,7/13/1992,5.1,7.3,7.5,0.35,0.95,28.5,87.8,31.0,1992
Bay,7/27/1992,5.1,7.6,8.0,0.35,0.95,28.0,86.9,30.5,1992
Bay,8/3/1992,4.5,8.0,8.0,0.3,0.85,26.0,78.8,26.0,1992
Bay,8/7/1992,4.7,8.0,8.0,0.33,0.6,23.0,77.0,25.0,1992
Bay,8/14/1992,4.7,7.1,7.5,0.4,0.95,24.5,71.6,22.0,1992
Bay,8/23/1992,3.9,8.5,8.0,0.4,0.8,24.5,78.8,26.0,1992
Bay,8/31/1992,4.3,7.7,7.5,0.3,1.0,23.0,77.0,25.0,1992
Bay,9/14/1992,4.8,9.2,8.0,0.38,0.38,19.5,71.6,22.0,1992
Bay,9/20/1992,4.3,7.6,7.5,0.35,0.8,23.5,75.2,24.0,1992
Bay,9/27/1992,5.4,9.8,8.0,0.25,0.45,24.0,79.7,26.5,1992
Bay,10/5/1992,3.9,9.2,7.5,0.1,0.15,16.0,62.6,17.0,1992
Bay,10/19/1992,4.1,9.8,7.5,0.1,1.0,12.0,50.0,10.0,1992
Bay,10/26/1992,4.2,10.6,7.0,0.3,0.63,12.5,55.4,13.0,1992
Bay,11/2/1992,3.4,10.6,7.5,0.35,0.65,16.5,63.5,17.5,1992
Bay,11/9/1992,1.7,11.3,7.5,,0.4,9.0,50.0,10.0,1992
Bay,11/16/1992,3.9,11.0,7.5,0.4,0.55,7.5,41.9,5.5,1992
Bay,11/23/1992,3.9,9.0,7.85,0.25,0.85,18.5,70.7,21.5,1992
Bay,11/30/1992,3.7,10.9,7.5,0.55,0.7,9.0,46.4,8.0,1992
Bay,12/17/1992,4.1,10.8,7.0,0.15,0.5,12.0,59.9,15.5,1992
Bay,12/20/1992,3.8,10.1,7.0,0.25,0.85,10.5,50.9,10.5,1992
Bay,12/27/1992,4.7,13.2,7.0,0.25,0.45,5.5,41.9,5.5,1992
Bay,1/4/1993,3.7,11.0,7.0,0.35,0.5,8.0,60.8,16.0,1993
Bay,1/11/1993,3.5,11.9,7.0,0.25,0.25,9.0,44.6,7.0,1993
Bay,1/24/1993,3.3,10.5,7.0,0.3,0.95,10.5,58.1,14.5,1993
Bay,2/1/1993,2.9,12.0,7.0,0.2,0.85,6.0,49.1,9.5,1993
Bay,2/8/1993,3.4,12.6,7.0,0.1,0.3,5.0,41.9,5.5,1993
Bay,2/16/1993,3.5,12.4,7.0,0.3,0.75,8.0,53.6,12.0,1993
Bay,2/22/1993,2.9,12.7,7.0,0.1,0.85,8.0,59.0,15.0,1993
Bay,3/8/1993,3.9,10.7,7.0,0.1,1.15,10.0,56.3,13.5,1993
Bay,3/15/1993,3.4,12.8,7.0,0.5,1.7,2.5,34.7,1.5,1993
Bay,3/22/1993,3.3,11.2,7.0,0.15,0.4,10.0,51.8,11.0,1993
Bay,3/29/1993,3.0,10.0,7.0,0.5,0.7,14.5,54.5,12.5,1993
Bay,4/1/1993,2.9,9.5,,0.55,3.1,17.5,68.9,20.5,1993
Bay,4/5/1993,2.5,10.0,7.0,0.35,0.8,10.0,44.6,7.0,1993
Bay,4/12/1993,2.5,9.7,7.0,0.3,1.0,15.5,60.8,16.0,1993
Bay,4/19/1993,3.0,10.0,7.0,0.3,1.15,14.5,53.6,12.0,1993
Bay,4/26/1993,3.4,8.7,7.0,0.3,1.2,19.0,69.8,21.0,1993
Bay,5/10/1993,3.2,8.0,7.0,0.4,0.85,21.0,69.8,21.0,1993
Bay,5/17/1993,3.9,8.0,7.0,0.5,1.0,24.0,77.0,25.0,1993
Bay,5/24/1993,2.9,9.0,7.0,0.3,0.85,20.0,71.6,22.0,1993
Bay,6/14/1993,3.9,8.1,7.0,0.45,0.45,21.5,68.9,20.5,1993
Bay,6/21/1993,3.8,7.2,7.0,0.55,1.0,26.5,80.6,27.0,1993
Bay,6/28/1993,3.9,7.1,7.0,0.55,0.8,26.5,86.0,30.0,1993
Bay,7/5/1993,,7.4,7.5,0.55,0.8,30.0,88.7,31.5,1993
Bay,7/19/1993,4.2,7.3,7.5,0.45,0.75,27.0,81.5,27.5,1993
Bay,7/26/1993,,7.5,7.5,0.5,0.7,28.0,85.1,29.5,1993
Bay,8/2/1993,3.9,8.0,8.0,0.4,0.8,26.5,86.0,30.0,1993
Bay,8/9/1993,3.5,9.1,8.0,0.3,0.55,25.5,79.7,26.5,1993
Bay,9/6/1993,,7.2,,0.35,0.85,25.5,81.5,27.5,1993
Bay,9/13/1993,,7.8,7.0,0.2,0.75,24.0,82.4,28.0,1993
Bay,9/20/1993,,8.5,8.0,0.2,0.6,21.5,74.3,23.5,1993
Bay,9/27/1993,1.8,7.2,7.9,0.4,0.95,24.5,76.1,24.5,1993
Bay,10/4/1993,,9.3,8.3,0.35,0.65,19.0,68.0,20.0,1993
Bay,10/12/1993,1.5,8.8,7.8,0.3,0.5,16.5,59.0,15.0,1993
Bay,10/18/1993,1.5,8.8,7.7,0.35,0.75,18.0,64.94,18.3,1993
Bay,10/25/1993,1.8,10.6,8.4,0.4,0.6,15.6,66.02,18.9,1993
Bay,11/8/1993,1.5,8.2,7.5,0.35,0.55,9.8,52.34,11.3,1993
Bay,11/15/1993,1.4,9.6,7.9,0.4,0.8,17.3,72.5,22.5,1993
Bay,11/29/1993,1.5,9.4,7.1,0.2,0.55,12.1,50.9,10.5,1993
Bay,12/6/1993,1.5,9.8,7.4,0.25,0.75,10.5,48.74,9.3,1993
Bay,12/13/1993,1.5,13.0,7.6,0.25,0.45,1.3,41.9,5.5,1993
Bay,12/28/1993,1.5,12.1,7.1,0.3,0.7,3.8,39.74,4.3,1993
Bay,1/16/1995,3.0,8.5,7.4,0.25,0.85,13.5,61.7,16.5,1995
Bay,1/23/1995,3.0,10.75,7.1,0.2,0.7,4.5,46.4,8.0,1995
Bay,2/13/1995,3.0,12.5,6.8,0.2,0.25,2.0,29.3,-1.5,1995
Bay,3/6/1995,2.4,9.3,7.1,0.2,0.2,9.5,46.4,8.0,1995
Bay,3/13/1995,2.4,9.9,6.9,0.28,0.65,11.5,59.9,15.5,1995
Bay,3/20/1995,2.8,8.9,7.1,0.35,0.45,12.5,54.5,12.5,1995
Bay,3/27/1995,2.4,9.0,7.1,0.25,0.45,11.0,53.6,12.0,1995
Bay,4/3/1995,2.4,9.3,7.1,0.4,0.55,11.5,54.5,12.5,1995
Bay,4/10/1995,3.2,8.5,7.1,0.25,0.7,15.0,48.2,9.0,1995
Bay,4/18/1995,3.0,9.0,7.1,0.25,0.5,16.0,58.1,14.5,1995
Bay,4/24/1995,3.0,9.7,7.4,0.25,0.55,12.5,50.0,10.0,1995
Bay,5/1/1995,3.2,8.9,7.2,0.3,0.6,15.0,52.7,11.5,1995
Bay,5/15/1995,3.3,6.8,6.8,0.3,0.55,21.5,74.3,23.5,1995
Bay,5/22/1995,3.3,6.8,6.8,0.3,0.55,21.5,74.3,23.5,1995
Bay,5/29/1995,3.5,8.5,7.5,0.4,0.4,22.0,80.6,27.0,1995
Bay,6/5/1995,4.0,7.8,7.6,0.3,0.3,25.0,73.4,23.0,1995
Bay,6/12/1995,3.5,7.7,7.9,0.4,0.9,26.5,77.9,25.5,1995
Bay,6/19/1995,3.2,7.7,8.0,0.4,0.55,25.0,75.2,24.0,1995
Bay,6/26/1995,4.0,8.8,8.3,0.5,0.8,28.5,82.4,28.0,1995
Bay,7/3/1995,4.0,8.0,,0.45,0.8,26.0,80.6,27.0,1995
Bay,7/10/1995,4.0,7.0,7.9,0.35,0.7,26.0,79.7,26.5,1995
Bay,7/17/1995,4.0,7.0,8.0,0.45,1.0,30.0,84.2,29.0,1995
Bay,7/24/1995,4.5,7.2,8.4,0.55,0.9,32.0,92.3,33.5,1995
Bay,7/31/1995,4.5,7.6,8.1,0.5,0.8,29.5,84.2,29.0,1995
Bay,8/7/1995,4.5,8.7,8.2,0.5,0.6,24.0,71.6,22.0,1995
Bay,8/22/1995,5.5,7.4,8.8,0.3,0.5,25.0,81.5,27.5,1995
Bay,8/29/1995,4.5,9.9,8.7,0.35,0.65,25.5,78.8,26.0,1995
Bay,9/5/1995,4.8,10.5,9.0,0.3,0.75,26.0,80.6,27.0,1995
Bay,9/12/1995,4.5,10.4,9.2,0.3,0.7,24.5,80.6,27.0,1995
Bay,9/28/1995,4.8,9.5,8.7,0.3,0.7,21.0,75.2,24.0,1995
Bay,10/5/1995,4.4,9.9,7.2,0.3,0.45,15.5,62.96,17.2,1995
Bay,10/6/1995,5.0,8.9,8.5,0.45,1.15,24.5,81.5,27.5,1995
Bay,10/11/1995,2.4,8.69,7.2,0.3,0.75,17.5,58.64,14.8,1995
Bay,10/20/1995,2.2,9.71,7.6,0.35,0.73,15.0,56.48,13.6,1995
Bay,10/23/1995,4.5,11.6,9.0,0.4,0.8,18.5,68.9,20.5,1995
Bay,10/26/1995,2.8,8.15,6.7,0.38,0.75,19.0,67.28,19.6,1995
Bay,10/30/1995,4.5,9.9,8.5,0.45,0.75,14.0,59.9,15.5,1995
Bay,11/6/1995,4.0,11.8,8.5,0.55,0.55,9.5,51.8,11.0,1995
Bay,11/13/1995,4.5,11.3,8.1,0.55,0.7,9.5,57.2,14.0,1995
Bay,11/20/1995,4.0,11.8,8.4,0.55,0.55,8.0,50.9,10.5,1995
Bay,11/27/1995,4.0,9.5,8.1,0.75,0.75,10.0,48.2,9.0,1995
Bay,1/22/1996,4.0,11.7,7.4,0.4,0.55,4.0,39.2,4.0,1996
Bay,1/29/1996,3.5,11.2,7.2,0.35,0.65,4.0,42.8,6.0,1996
Bay,2/12/1996,3.5,10.8,7.1,0.35,0.6,5.0,44.6,7.0,1996
Bay,2/26/1996,3.0,8.7,7.1,0.2,0.75,10.5,60.8,16.0,1996
Bay,3/4/1996,3.0,11.5,7.4,0.3,0.45,3.5,38.3,3.5,1996
Bay,3/18/1996,3.0,10.1,7.0,0.4,0.45,7.5,44.6,7.0,1996
Bay,3/25/1996,3.0,10.0,7.2,0.35,0.7,10.0,61.7,16.5,1996
Bay,4/8/1996,3.0,10.7,7.3,0.35,0.55,8.0,42.8,6.0,1996
Bay,4/22/1996,3.0,9.2,8.2,0.4,0.95,21.0,71.6,22.0,1996
Bay,4/29/1996,3.0,8.9,8.0,0.45,0.85,18.0,69.8,21.0,1996
Bay,5/13/1996,3.0,9.2,8.1,0.3,0.7,17.0,57.2,14.0,1996
Bay,5/20/1996,3.0,9.0,8.8,0.4,0.75,28.0,86.0,30.0,1996
Bay,5/27/1996,3.0,9.6,8.6,0.25,0.6,19.0,63.5,17.5,1996
Bay,6/3/1996,3.0,8.7,8.5,0.35,0.5,17.0,59.9,15.5,1996
Bay,6/10/1996,3.0,8.0,8.1,0.45,1.02,24.0,67.1,19.5,1996
Bay,6/17/1996,3.0,8.8,8.4,0.45,0.75,27.0,77.0,25.0,1996
Bay,6/24/1996,3.0,8.0,8.6,0.55,0.8,26.5,77.0,25.0,1996
Bay,8/2/1996,2.5,6.4,7.3,0.4,0.8,26.0,,-17.77777778,1996
Bay,8/18/1996,3.0,4.65,7.3,0.3,0.68,27.5,,-17.77777778,1996
Bay,9/1/1996,2.8,2.0,7.4,0.28,0.4,25.0,,-17.77777778,1996
Bay,9/15/1996,3.0,2.0,,0.3,0.8,23.5,,-17.77777778,1996
Bay,9/22/1996,3.1,2.0,7.4,0.4,0.9,22.0,,-17.77777778,1996
Bay,9/28/1996,3.2,1.7,7.5,0.43,0.88,23.0,,-17.77777778,1996
Bay,10/5/1996,4.4,9.9,7.2,0.3,0.45,15.5,62.96,17.2,1996
Bay,10/11/1996,2.4,8.69,7.2,0.3,0.75,17.5,58.64,14.8,1996
Bay,10/20/1996,2.2,9.71,7.6,0.35,0.73,15.0,56.48,13.6,1996
Bay,10/26/1996,2.8,8.15,6.7,0.38,0.75,19.0,67.28,19.6,1996
Bay,11/3/1996,2.0,6.5,6.8,0.48,0.58,10.1,48.74,9.3,1996
Bay,11/12/1996,1.9,11.43,7.1,0.45,0.55,6.2,41.414,5.23,1996
Bay,11/17/1996,1.8,11.8,6.8,0.28,0.3,9.1,51.44,10.8,1996
Bay,12/1/1996,1.9,10.9,6.9,0.4,0.6,11.0,63.5,17.5,1996
Bay,12/8/1996,1.6,11.2,6.9,0.4,0.65,9.1,51.08,10.6,1996
Bay,12/21/1996,1.8,12.25,6.9,0.31,0.61,5.21,38.3,3.5,1996
Bay,1/5/1997,2.0,9.2,6.7,0.2,0.7,13.5,63.32,17.4,1997
Bay,1/19/1997,1.3,13.3,7.0,0.3,0.3,0.0,,-17.77777778,1997
Bay,2/1/1997,1.5,10.9,6.6,2.5,3.5,10.1,62.06,16.7,1997
Bay,2/15/1997,1.3,10.55,6.6,0.3,0.6,8.2,41.0,5.0,1997
Bay,3/3/1997,1.8,9.45,6.9,0.3,0.54,14.1,48.02,8.9,1997
Bay,3/15/1997,1.2,10.2,6.5,0.2,0.52,13.2,47.66,8.7,1997
Bay,4/13/1997,1.2,9.8,6.9,0.28,0.74,17.1,68.18,20.1,1997
Bay,4/19/1997,1.3,10.8,6.7,0.2,0.49,11.0,59.54,15.3,1997
Bay,4/26/1997,1.1,10.1,6.8,0.25,0.55,15.5,59.36,15.2,1997
Bay,5/4/1997,1.1,9.73,6.5,0.3,0.88,18.0,61.52,16.4,1997
Bay,5/12/1997,1.5,9.5,7.3,0.3,0.67,21.0,,-17.77777778,1997
Bay,5/16/1997,1.3,10.2,6.6,0.35,0.7,20.5,68.36,20.2,1997
Bay,5/24/1997,1.6,9.9,7.5,0.38,0.5,23.0,72.14,22.3,1997
Bay,5/30/1997,1.6,9.5,8.0,,0.2,23.0,,-17.77777778,1997
Bay,6/8/1997,1.0,10.5,6.3,0.1,0.15,18.0,61.7,16.5,1997
Bay,6/21/1997,1.5,7.5,6.5,0.4,0.7,26.5,84.02,28.9,1997
Bay,6/27/1997,1.5,8.5,8.0,0.5,0.62,29.0,78.4,25.77777778,1997
Bay,7/6/1997,1.5,7.6,6.8,0.48,0.68,27.0,76.46,24.7,1997
Bay,7/12/1997,1.5,8.55,6.4,0.4,0.4,27.0,80.06,26.7,1997
Bay,7/20/1997,1.6,8.7,7.4,0.39,0.58,27.5,83.48,28.6,1997
Bay,7/27/1997,1.5,9.7,7.8,0.38,0.69,27.0,86.72,30.4,1997
Bay,7/29/1997,1.5,8.1,8.0,0.4,0.65,28.0,82.0,27.77777778,1997
Bay,8/9/1997,1.7,9.8,8.6,0.38,0.5,27.5,78.62,25.9,1997
Bay,8/15/1997,1.7,7.7,8.2,0.45,0.63,8.4,82.6,28.11111111,1997
Bay,8/22/1997,1.7,9.0,8.2,0.38,0.67,25.5,77.7,25.38888889,1997
Bay,8/30/1997,1.8,9.6,8.1,0.32,0.45,26.0,78.98,26.1,1997
Bay,9/14/1997,1.9,9.6,7.9,0.21,0.61,24.0,78.62,25.9,1997
Bay,10/5/1997,1.9,10.25,8.2,0.28,0.65,21.6,74.12,23.4,1997
Bay,11/9/1997,1.8,10.6,6.5,0.35,0.65,12.0,51.62,10.9,1997
Bay,12/6/1997,1.5,14.3,6.9,0.3,0.45,6.0,40.1,4.5,1997
Bay,1/4/1998,1.5,12.3,6.4,0.25,0.5,8.9,57.2,14.0,1998
Bay,1/25/1998,1.2,12.5,6.5,0.3,0.6,8.1,45.86,7.7,1998
Bay,2/22/1998,1.1,10.7,6.3,0.25,0.75,10.5,,-17.77777778,1998
Bay,3/22/1998,1.0,11.1,6.4,0.25,0.71,11.0,48.74,9.3,1998
Bay,4/19/1998,1.0,10.8,6.9,0.3,0.78,17.0,,-17.77777778,1998
Bay,5/2/1998,1.0,10.9,8.2,0.35,0.78,21.5,72.5,22.5,1998
Bay,5/17/1998,1.1,9.3,6.8,0.25,0.48,23.5,80.78,27.1,1998
Bay,6/7/1998,1.1,10.0,7.2,0.4,0.5,22.9,,-17.77777778,1998
Bay,6/14/1998,0.9,9.7,6.8,0.4,0.65,26.0,79.88,26.6,1998
Bay,7/5/1998,1.0,8.4,6.9,0.32,0.65,26.0,82.04,27.8,1998
Bay,7/25/1998,0.9,8.6,7.3,0.4,0.65,29.0,81.32,27.4,1998
Bay,8/23/1998,1.0,11.0,8.8,0.3,0.62,28.0,85.1,29.5,1998
Bay,9/12/1998,0.9,10.8,8.5,0.28,0.66,25.0,87.1,30.61111111,1998
Bay,11/2/1998,1.1,10.0,6.9,0.3,0.35,14.0,58.28,14.6,1998
Bay,11/21/1998,1.0,10.9,7.3,0.3,0.48,15.0,57.56,14.2,1998
A,8/11/1999,3.0,2.6,7.7,0.6,0.6,26.0,80.96,27.2,1999
A,8/18/1999,3.0,1.6,8.7,,,31.0,91.4,33.0,1999
A,9/8/1999,1.8,1.35,8.2,0.4,1.0,28.0,76.6,24.77777778,1999
A,10/15/1999,0.1,5.65,7.3,0.6,0.8,20.0,,-17.77777778,1999
A,11/10/1999,0.0,6.7,7.6,0.65,0.95,18.0,,-17.77777778,1999
A,12/30/1999,1.0,7.8,6.9,0.65,0.85,8.0,42.8,6.0,1999
B,8/11/1999,2.5,3.1,8.1,0.25,0.25,27.0,80.96,27.2,1999
B,8/18/1999,3.0,2.2,8.9,,,30.0,87.8,31.0,1999
B,9/8/1999,0.9,3.6,8.2,0.3,0.3,32.0,,-17.77777778,1999
B,10/15/1999,1.0,4.7,7.0,0.3,0.3,17.0,,-17.77777778,1999
B,11/10/1999,1.0,6.3,7.4,0.4,0.4,16.0,,-17.77777778,1999
B,12/30/1999,0.2,6.1,6.9,0.25,0.25,7.0,41.0,5.0,1999
C,8/11/1999,3.0,1.9,8.5,0.5,0.5,27.0,84.2,29.0,1999
C,8/18/1999,0.1,1.9,8.8,,,27.0,82.4,28.0,1999
C,9/8/1999,1.0,2.4,8.0,5.8,5.8,34.0,,-17.77777778,1999
C,9/22/1999,1.0,3.7,7.8,0.8,0.8,18.0,60.0,15.55555556,1999
C,10/15/1999,0.1,5.5,6.6,0.55,0.55,19.0,,-17.77777778,1999
C,10/27/1999,0.0,3.7,7.7,0.55,0.55,43.0,72.0,22.22222222,1999
C,11/10/1999,0.2,10.0,7.8,0.6,0.6,17.0,,-17.77777778,1999
C,12/30/1999,0.1,7.3,6.9,0.7,0.7,5.0,41.0,5.0,1999
D,8/11/1999,0.2,2.5,8.6,0.63,1.25,27.0,85.46,29.7,1999
D,8/18/1999,3.0,2.8,8.0,,,28.0,87.8,31.0,1999
D,9/8/1999,0.0,1.5,7.4,1.75,1.85,34.5,,-17.77777778,1999
D,9/22/1999,0.0,1.9,7.6,0.5,1.65,18.0,,-17.77777778,1999
D,10/15/1999,0.0,3.25,7.3,0.55,1.55,17.0,,-17.77777778,1999
D,10/27/1999,0.4,3.4,7.4,0.95,1.35,42.5,72.0,22.22222222,1999
D,11/10/1999,0.0,6.5,8.0,1.05,1.5,15.0,60.0,15.55555556,1999
D,12/16/1999,0.0,7.8,8.9,0.8,1.4,11.0,49.0,9.444444444,1999
D,12/30/1999,0.0,8.25,8.0,1.1,1.4,5.0,41.0,5.0,1999
Bay,1/9/1999,1.2,11.2,7.2,0.28,0.5,9.0,58.82,14.9,1999
Bay,1/23/1999,1.1,11.2,6.7,0.28,0.6,15.0,,-17.77777778,1999
Bay,8/5/1999,1.8,1.8,9.5,0.35,0.35,27.0,,-17.77777778,1999
Bay,8/11/1999,3.0,7.0,9.2,0.4,0.65,28.0,86.54,30.3,1999
Bay,8/18/1999,3.0,3.0,9.1,,,29.0,87.8,31.0,1999
Bay,9/8/1999,2.2,1.9,8.5,0.9,0.95,28.0,76.6,24.77777778,1999
Bay,10/15/1999,2.0,4.8,5.7,0.42,0.5,16.0,65.0,18.33333333,1999
Bay,10/27/1999,0.3,4.3,8.6,0.5,0.5,24.5,,-17.77777778,1999
Bay,11/10/1999,1.0,7.5,8.1,5.5,5.5,14.0,60.0,15.55555556,1999
Bay,12/16/1999,1.0,8.7,9.1,0.5,0.85,11.0,48.0,8.888888889,1999
Bay,12/30/1999,0.1,6.1,7.0,0.25,0.45,5.0,41.0,5.0,1999
A,2/29/2000,1.5,5.0,8.1,0.9,1.1,15.0,58.0,14.44444444,2000
A,5/1/2000,0.5,3.6,7.1,0.9,1.0,23.0,75.0,23.88888889,2000
A,5/15/2000,1.0,6.4,8.2,0.85,0.9,27.0,71.0,21.66666667,2000
A,6/26/2000,1.0,5.5,8.0,0.55,0.55,30.5,84.2,29.0,2000
A,7/24/2000,0.05,6.1,8.0,0.55,0.55,25.0,78.0,25.55555556,2000
A,8/22/2000,0.0,5.2,7.5,0.65,0.65,25.0,72.0,22.22222222,2000
A,9/18/2000,0.0,5.8,,0.4,0.75,22.0,70.0,21.11111111,2000
A,10/4/2000,1.1,8.7,8.3,0.55,0.7,35.0,84.0,28.88888889,2000
A,11/1/2000,0.0,9.75,8.2,0.65,0.65,16.0,58.0,14.44444444,2000
A,12/18/2000,1.0,9.9,8.2,0.7,0.7,9.0,44.0,6.666666667,2000
B,2/2/2000,1.0,6.4,7.1,0.35,0.35,5.0,46.0,7.777777778,2000
B,3/13/2000,1.5,10.0,7.8,0.3,0.3,12.5,48.0,8.888888889,2000
B,5/1/2000,1.0,3.5,7.5,0.15,0.15,25.5,75.0,23.88888889,2000
B,5/15/2000,1.5,7.6,9.7,4.0,4.5,30.0,71.0,21.66666667,2000
B,6/26/2000,1.0,8.3,8.8,0.05,0.1,30.0,82.4,28.0,2000
B,7/24/2000,1.0,1.8,7.5,0.0,0.15,24.0,78.0,25.55555556,2000
B,8/22/2000,0.0,2.4,7.8,0.35,0.35,22.0,71.0,21.66666667,2000
B,9/18/2000,0.8,7.6,7.9,0.1,0.1,20.0,70.0,21.11111111,2000
B,10/4/2000,1.0,8.5,8.5,0.1,0.1,30.0,84.0,28.88888889,2000
B,11/1/2000,1.0,5.5,8.1,0.1,0.11,14.0,58.0,14.44444444,2000
B,12/18/2000,1.5,7.2,7.9,0.2,0.4,7.5,43.4,6.333333333,2000
C,2/2/2000,1.0,5.9,6.9,0.65,0.81,4.0,45.0,7.222222222,2000
C,5/30/2000,0.5,7.9,8.0,0.5,0.5,15.0,58.0,14.44444444,2000
C,6/13/2000,1.0,8.2,9.5,0.4,0.4,28.0,73.0,22.77777778,2000
C,7/11/2000,0.01,5.7,8.2,0.5,0.5,32.0,80.6,27.0,2000
C,8/10/2000,0.0,6.3,6.7,0.6,0.6,29.0,83.0,28.33333333,2000
C,9/6/2000,0.0,6.3,8.1,0.55,0.55,21.0,72.0,22.22222222,2000
C,10/26/2000,0.5,6.2,8.4,0.25,0.25,21.5,67.0,19.44444444,2000
C,11/14/2000,1.0,6.0,7.4,0.3,0.3,13.0,55.0,12.77777778,2000
C,12/11/2000,1.0,6.5,8.1,0.1,0.1,7.5,45.0,7.222222222,2000
D,2/2/2000,0.0,7.1,7.2,1.4,1.4,4.0,45.0,7.222222222,2000
D,2/29/2000,0.0,6.9,7.0,0.9,0.95,14.0,62.0,16.66666667,2000
D,4/3/2000,0.0,7.4,8.6,1.1,1.35,20.0,,-17.77777778,2000
D,5/30/2000,0.0,6.3,8.2,0.1,1.6,15.0,50.0,10.0,2000
D,7/11/2000,0.0,4.4,8.6,0.65,1.6,27.0,78.8,26.0,2000
D,8/10/2000,0.0,4.1,5.6,0.65,1.6,28.0,83.0,28.33333333,2000
D,9/6/2000,0.0,5.0,8.5,0.7,1.65,21.0,71.6,22.0,2000
D,10/26/2000,0.0,8.5,8.8,0.7,1.05,19.5,66.0,18.88888889,2000
D,11/14/2000,0.0,6.2,9.0,0.7,1.4,13.0,55.0,12.77777778,2000
D,12/11/2000,0.0,10.0,9.3,1.1,1.3,7.0,45.0,7.222222222,2000
Bay,2/2/2000,1.5,6.1,7.2,0.05,0.4,3.0,43.0,6.111111111,2000
Bay,3/13/2000,1.5,9.75,8.6,0.45,0.5,12.0,45.0,7.222222222,2000
Bay,4/3/2000,1.5,7.6,9.1,0.3,0.7,18.0,,-17.77777778,2000
Bay,5/1/2000,1.0,4.1,7.9,0.3,0.65,19.5,75.0,23.88888889,2000
Bay,5/15/2000,1.2,8.0,8.7,0.4,0.45,23.0,71.0,21.66666667,2000
Bay,6/13/2000,1.5,7.3,8.4,0.4,0.64,26.0,73.7,23.16666667,2000
Bay,6/26/2000,1.5,7.0,8.5,0.5,0.85,26.0,83.0,28.33333333,2000
Bay,7/11/2000,1.0,5.0,8.6,0.4,0.8,27.0,77.0,25.0,2000
Bay,7/24/2000,1.0,6.4,8.2,0.4,0.55,25.0,78.0,25.55555556,2000
Bay,8/10/2000,1.5,6.0,8.1,0.6,0.68,28.0,83.0,28.33333333,2000
Bay,8/22/2000,1.0,7.1,8.7,0.3,0.45,22.0,71.0,21.66666667,2000
Bay,9/6/2000,1.0,5.2,8.6,0.2,0.45,20.0,72.0,22.22222222,2000
Bay,9/18/2000,1.0,5.5,,0.35,0.55,20.0,67.0,19.44444444,2000
Bay,10/4/2000,0.8,7.3,8.6,0.3,0.7,27.0,83.0,28.33333333,2000
Bay,10/26/2000,1.0,5.3,8.8,0.26,0.35,19.5,66.0,18.88888889,2000
Bay,11/1/2000,1.0,4.8,9.2,0.3,0.3,16.0,57.7,14.27777778,2000
Bay,11/14/2000,1.0,7.8,9.9,0.4,0.6,13.0,55.0,12.77777778,2000
Bay,12/11/2000,1.0,10.0,,0.3,0.5,7.5,45.0,7.222222222,2000
Bay,12/18/2000,1.0,9.4,8.8,0.16,,9.5,43.2,6.222222222,2000
A,1/23/2001,1.0,5.7,8.4,0.7,0.7,5.0,38.8,3.777777778,2001
A,2/20/2001,1.0,8.1,7.8,0.75,0.75,10.0,62.0,16.66666667,2001
A,3/15/2001,0.5,7.7,8.0,0.65,0.85,13.5,52.0,11.11111111,2001
A,4/9/2001,1.0,6.8,,0.6,0.95,22.0,72.0,22.22222222,2001
A,5/8/2001,1.0,2.5,9.1,0.2,0.65,22.0,65.0,18.33333333,2001
A,6/5/2001,1.0,5.5,8.7,0.8,0.8,24.0,71.0,21.66666667,2001
A,7/5/2001,3.0,4.2,8.3,0.4,0.65,27.0,76.0,24.44444444,2001
A,7/20/2001,1.5,4.9,9.2,0.5,0.5,26.0,72.0,22.22222222,2001
A,8/8/2001,3.0,4.5,8.5,0.35,1.1,30.0,88.0,31.11111111,2001
A,9/5/2001,3.0,3.0,0.3,0.35,1.1,26.0,76.0,24.44444444,2001
A,9/18/2001,2.0,3.6,8.9,0.65,0.9,24.0,77.0,25.0,2001
A,10/22/2001,3.0,3.8,8.4,0.6,0.85,19.0,70.0,21.11111111,2001
A,11/6/2001,3.0,4.9,8.2,0.6,0.8,14.0,52.9,11.61111111,2001
A,11/20/2001,4.0,6.3,,0.2,0.85,12.0,52.0,11.11111111,2001
A,12/4/2001,,6.3,8.1,0.5,1.0,18.0,55.0,12.77777778,2001
B,1/23/2001,1.0,7.8,8.0,0.3,0.3,6.0,38.8,3.777777778,2001
B,2/20/2001,1.5,9.3,7.7,0.4,0.4,12.0,62.0,16.66666667,2001
B,4/9/2001,1.5,6.5,,0.3,0.3,27.0,72.0,22.22222222,2001
B,5/8/2001,2.0,3.0,8.7,0.01,0.01,25.0,65.0,18.33333333,2001
B,6/5/2001,2.0,4.1,8.5,0.1,0.1,24.0,71.0,21.66666667,2001
B,8/8/2001,3.0,2.3,8.3,0.2,0.2,30.0,84.0,28.88888889,2001
B,9/5/2001,2.5,0.0,7.8,0.1,0.25,25.0,76.0,24.44444444,2001
B,9/18/2001,3.0,1.5,8.5,0.25,0.35,23.0,78.0,25.55555556,2001
B,10/22/2001,3.0,2.6,8.2,0.2,0.2,20.0,69.0,20.55555556,2001
B,11/6/2001,3.5,4.2,8.3,0.2,0.2,13.0,52.9,11.61111111,2001
B,11/20/2001,3.0,5.3,,0.1,0.3,13.0,52.0,11.11111111,2001
B,12/4/2001,,5.9,8.2,0.15,0.2,16.0,55.0,12.77777778,2001
C,1/8/2001,1.0,5.9,8.3,0.55,0.55,5.0,43.0,6.111111111,2001
C,2/6/2001,1.0,6.0,7.9,0.6,0.6,10.0,52.0,11.11111111,2001
C,3/26/2001,1.0,9.9,8.3,0.6,0.6,9.0,41.0,5.0,2001
C,4/24/2001,1.0,4.8,8.1,0.4,0.4,23.0,73.0,22.77777778,2001
C,5/22/2001,3.0,2.5,7.6,0.32,0.32,24.0,72.0,22.22222222,2001
C,6/18/2001,2.0,4.0,8.4,0.3,0.3,27.0,77.0,25.0,2001
C,8/20/2001,2.5,5.5,7.9,0.3,0.3,28.0,80.0,26.66666667,2001
C,10/2/2001,3.0,6.1,8.3,0.25,0.25,23.0,73.0,22.77777778,2001
D,1/8/2001,0.0,9.7,8.8,1.0,1.25,6.0,43.0,6.111111111,2001
D,2/6/2001,0.0,8.4,8.7,1.1,1.4,10.0,52.0,11.11111111,2001
D,3/26/2001,0.0,9.6,9.0,0.7,1.5,10.0,41.0,5.0,2001
D,4/24/2001,0.0,4.1,9.3,0.8,1.4,19.5,72.0,22.22222222,2001
D,5/22/2001,0.0,4.9,8.1,0.7,1.2,23.0,71.0,21.66666667,2001
D,6/18/2001,0.0,5.5,8.7,0.5,0.9,26.0,77.0,25.0,2001
D,8/20/2001,0.0,4.3,8.9,0.2,1.4,27.0,80.0,26.66666667,2001
D,10/2/2001,0.0,3.9,8.7,0.7,1.1,19.0,73.0,22.77777778,2001
Bay,1/8/2001,1.0,8.1,9.2,0.36,0.36,7.0,43.0,6.111111111,2001
Bay,1/23/2001,1.0,9.0,9.3,0.1,0.1,8.0,38.3,3.5,2001
Bay,2/6/2001,1.0,8.5,8.8,0.23,0.33,11.0,51.0,10.55555556,2001
Bay,2/20/2001,1.0,9.2,9.1,0.2,0.35,11.0,61.5,16.38888889,2001
Bay,3/15/2001,1.2,9.25,9.2,0.35,0.6,14.0,51.8,11.0,2001
Bay,3/26/2001,1.0,9.9,9.4,0.25,0.45,10.0,41.7,5.388888889,2001
Bay,4/9/2001,1.0,8.25,,0.3,0.65,21.0,69.0,20.55555556,2001
Bay,4/24/2001,2.0,6.4,9.3,0.3,0.8,20.0,71.0,21.66666667,2001
Bay,5/8/2001,2.0,5.0,8.6,0.15,0.15,21.0,64.0,17.77777778,2001
Bay,5/22/2001,1.0,7.8,8.8,0.4,0.8,20.0,70.0,21.11111111,2001
Bay,6/5/2001,2.0,4.35,9.2,0.4,0.4,23.0,70.9,21.61111111,2001
Bay,6/18/2001,2.0,5.1,8.6,0.4,0.4,25.0,77.0,25.0,2001
Bay,7/5/2001,3.5,5.4,8.7,0.25,0.75,26.0,75.0,23.88888889,2001
Bay,7/20/2001,3.0,7.2,9.8,0.3,0.3,23.0,72.0,22.22222222,2001
Bay,8/8/2001,3.0,4.1,9.1,0.4,0.7,30.0,80.0,26.66666667,2001
Bay,8/20/2001,3.0,4.9,8.7,0.3,0.85,26.0,79.3,26.27777778,2001
Bay,9/5/2001,3.0,4.0,8.5,0.35,0.55,25.0,76.0,24.44444444,2001
Bay,9/18/2001,3.5,4.6,7.7,0.15,0.15,23.0,78.0,25.55555556,2001
Bay,10/2/2001,3.0,4.2,,0.15,0.15,22.0,72.9,22.72222222,2001
Bay,10/22/2001,3.0,4.6,8.6,0.6,0.6,19.0,67.3,19.61111111,2001
Bay,11/6/2001,3.0,5.5,9.5,0.25,0.25,13.0,52.9,11.61111111,2001
Bay,11/20/2001,3.5,3.8,,0.3,0.35,15.0,52.0,11.11111111,2001
A,1/22/2002,3.0,2.7,7.8,0.8,1.3,9.0,51.0,10.55555556,2002
A,2/26/2002,2.0,7.6,8.2,1.15,1.15,12.0,59.0,15.0,2002
A,4/30/2002,1.0,2.3,7.5,0.4,1.1,22.0,60.0,15.55555556,2002
A,6/11/2002,2.0,4.2,7.0,0.7,0.7,26.0,72.0,22.22222222,2002
A,9/5/2002,0.0,4.5,7.0,0.6,0.8,26.0,81.0,27.22222222,2002
A,10/31/2002,1.0,6.4,,1.5,1.5,10.5,48.0,8.888888889,2002
A,12/6/2002,2.0,7.7,7.0,0.5,1.0,5.0,38.0,3.333333333,2002
B,1/22/2002,2.5,7.2,7.9,0.45,0.45,8.0,50.0,10.0,2002
B,2/26/2002,3.0,7.8,8.2,0.45,0.45,12.0,58.0,14.44444444,2002
B,4/17/2002,2.0,4.2,8.0,0.1,0.2,27.0,83.0,28.33333333,2002
B,4/30/2002,2.0,3.4,8.5,0.5,0.5,18.0,60.0,15.55555556,2002
B,6/11/2002,3.0,3.3,7.0,0.1,0.1,25.0,71.0,21.66666667,2002
B,9/5/2002,0.0,3.5,7.5,0.28,0.3,27.0,81.0,27.22222222,2002
C,1/10/2002,3.0,6.8,7.0,0.4,0.4,9.5,54.0,12.22222222,2002
C,2/11/2002,2.0,8.4,8.2,0.6,0.6,12.0,,-17.77777778,2002
C,3/28/2002,2.5,7.7,,0.6,0.6,11.5,45.0,7.222222222,2002
C,5/28/2002,3.5,4.6,8.0,0.2,0.2,25.0,70.0,21.11111111,2002
C,6/24/2002,3.0,3.8,8.5,0.2,0.2,28.0,83.0,28.33333333,2002
C,11/15/2002,0.0,5.8,7.0,,,18.0,56.0,13.33333333,2002
C,12/16/2002,0.0,5.6,7.0,0.7,0.7,7.5,,-17.77777778,2002
D,1/10/2002,0.0,10.0,6.8,1.4,1.4,9.0,52.0,11.11111111,2002
D,2/11/2002,0.0,8.3,9.6,1.3,1.45,11.0,,-17.77777778,2002
D,3/28/2002,0.0,7.8,,0.8,1.5,12.0,45.0,7.222222222,2002
D,5/16/2002,0.0,3.9,,0.9,1.5,18.0,64.0,17.77777778,2002
D,5/28/2002,0.0,6.1,6.5,0.3,1.3,24.0,70.0,21.11111111,2002
D,9/20/2002,0.0,4.2,7.0,0.7,1.2,26.0,81.0,27.22222222,2002
D,11/15/2002,0.0,6.1,6.5,,,14.0,54.0,12.22222222,2002
D,12/16/2002,0.0,5.2,6.0,1.1,1.35,6.5,,-17.77777778,2002
Bay,1/22/2002,3.0,9.0,9.0,0.3,0.35,59.0,49.9,9.944444444,2002
Bay,2/11/2002,3.0,5.7,9.9,0.1,0.3,12.0,,-17.77777778,2002
Bay,2/26/2002,3.0,7.6,9.2,0.3,0.35,11.0,57.0,13.88888889,2002
Bay,3/28/2002,3.0,8.3,,0.25,0.35,12.0,45.0,7.222222222,2002
Bay,4/17/2002,3.0,4.4,7.5,0.3,0.7,25.0,80.0,26.66666667,2002
Bay,4/30/2002,3.0,7.3,7.5,0.4,0.65,18.5,58.0,14.44444444,2002
Bay,5/16/2002,2.5,8.3,7.5,0.2,0.7,20.0,62.0,16.66666667,2002
Bay,5/28/2002,3.0,4.5,7.5,0.3,0.55,24.0,70.0,21.11111111,2002
Bay,6/11/2002,3.0,5.9,8.5,0.3,0.65,23.5,70.0,21.11111111,2002
Bay,6/24/2002,4.0,5.1,7.5,0.4,0.75,27.0,82.0,27.77777778,2002
Bay,9/5/2002,3.0,6.5,7.5,0.5,0.7,27.0,80.0,26.66666667,2002
Bay,10/31/2002,4.0,6.3,7.5,0.5,0.5,10.0,47.8,8.777777778,2002
Bay,11/15/2002,0.0,8.1,7.0,,,12.0,54.0,12.22222222,2002
Bay,12/6/2002,2.0,9.6,7.0,0.1,0.1,5.0,37.0,2.777777778,2002
Bay,12/16/2002,2.0,6.8,7.0,0.3,0.6,7.5,49.0,9.444444444,2002
A,1/3/2003,0.0,8.1,6.5,0.9,1.1,15.0,53.0,11.66666667,2003
A,3/20/2003,1.0,6.4,6.5,0.6,1.0,12.0,53.0,11.66666667,2003
A,5/1/2003,0.0,3.9,6.5,0.45,1.15,23.0,75.0,23.88888889,2003
A,6/5/2003,0.0,4.7,6.5,0.5,0.85,24.0,70.0,21.11111111,2003
A,7/1/2003,0.0,2.7,6.5,0.4,1.0,28.0,76.5,24.72222222,2003
A,8/7/2003,0.0,3.0,6.5,0.45,1.0,25.0,80.6,27.0,2003
A,10/2/2003,0.0,5.6,6.5,0.6,0.9,20.0,64.0,17.77777778,2003
A,11/6/2003,0.0,2.9,6.5,0.1,0.8,24.0,76.0,24.44444444,2003
B,1/3/2003,0.0,6.6,7.0,0.2,0.2,13.0,53.0,11.66666667,2003
B,2/20/2003,0.0,6.4,7.5,0.5,0.5,7.0,44.0,6.666666667,2003
B,3/20/2003,2.0,3.2,,0.3,0.3,12.0,33.0,0.555555556,2003
B,5/1/2003,0.0,7.3,7.5,0.6,0.6,25.0,76.0,24.44444444,2003
B,6/5/2003,0.0,8.5,9.5,0.1,0.1,25.1,72.0,22.22222222,2003
B,7/1/2003,0.0,3.6,,0.3,0.3,26.0,77.0,25.0,2003
B,8/7/2003,0.0,3.2,7.0,0.2,0.2,25.0,77.0,25.0,2003
B,10/2/2003,0.5,5.5,7.0,0.15,0.15,18.0,64.0,17.77777778,2003
B,11/6/2003,1.0,4.7,7.0,0.15,0.15,25.0,76.0,24.44444444,2003
B,12/1/2003,1.0,8.8,7.5,0.75,0.2,12.0,58.0,14.44444444,2003
C,3/6/2003,1.0,3.2,7.0,0.7,0.7,14.0,58.0,14.44444444,2003
C,4/21/2003,0.0,5.6,7.0,0.4,0.4,18.0,65.0,18.33333333,2003
C,6/20/2003,0.0,4.5,7.0,0.5,0.5,24.0,73.0,22.77777778,2003
C,7/17/2003,0.0,4.7,7.0,0.35,0.35,28.0,75.0,23.88888889,2003
C,9/4/2003,0.0,4.7,7.0,0.15,0.15,27.0,83.0,28.33333333,2003
C,10/23/2003,1.0,5.6,7.5,0.15,0.15,14.0,58.0,14.44444444,2003
C,12/15/2003,,6.8,7.0,0.5,0.5,8.0,48.0,8.888888889,2003
D,2/3/2003,0.0,7.4,6.0,1.2,1.5,6.0,46.0,7.777777778,2003
D,4/21/2003,0.0,6.8,,1.1,1.5,16.0,65.0,18.33333333,2003
D,6/20/2003,0.0,4.3,6.0,0.5,1.5,25.0,72.7,22.61111111,2003
D,7/17/2003,0.0,2.9,6.5,0.5,1.4,28.0,75.0,23.88888889,2003
D,9/4/2003,0.0,4.7,6.5,0.5,1.5,28.0,82.0,27.77777778,2003
D,10/23/2003,1.0,4.4,6.5,1.1,1.5,14.0,57.0,13.88888889,2003
D,11/20/2003,1.0,6.5,6.5,1.2,1.4,14.5,56.0,13.33333333,2003
D,12/15/2003,2.0,7.1,6.0,1.5,1.7,12.0,48.0,8.888888889,2003
Bay,1/3/2003,0.0,5.1,7.0,0.3,0.6,14.0,52.0,11.11111111,2003
Bay,2/3/2003,0.0,6.6,7.0,0.4,0.4,7.0,45.9,7.722222222,2003
Bay,3/6/2003,1.0,4.1,6.5,0.3,0.9,14.0,59.9,15.5,2003
Bay,3/20/2003,2.0,3.8,7.0,0.2,0.3,11.0,52.9,11.61111111,2003
Bay,4/21/2003,1.0,5.8,7.0,0.3,0.6,16.0,64.9,18.27777778,2003
Bay,5/22/2003,2.0,6.3,6.5,0.3,0.5,20.0,60.4,15.77777778,2003
Bay,6/20/2003,0.0,4.1,7.0,0.4,0.8,24.0,72.1,22.27777778,2003
Bay,7/1/2003,0.0,5.2,6.5,0.4,0.7,27.0,26.5,-3.055555556,2003
Bay,7/17/2003,0.0,3.8,6.5,0.4,0.8,26.0,74.0,23.33333333,2003
Bay,8/7/2003,0.0,7.0,7.2,0.5,0.9,25.0,77.0,25.0,2003
Bay,9/4/2003,4.0,3.7,7.0,0.5,0.75,27.0,81.9,27.72222222,2003
Bay,10/23/2003,1.0,5.8,6.5,0.4,0.55,14.0,57.0,13.88888889,2003
Bay,11/6/2003,1.0,6.5,6.5,0.75,0.75,23.0,76.3,24.61111111,2003
Bay,11/20/2003,3.0,8.8,6.5,0.4,0.6,14.0,56.0,13.33333333,2003
Bay,12/1/2003,3.0,8.7,6.5,0.2,0.75,11.0,58.0,14.44444444,2003
Bay,12/15/2003,2.0,6.9,6.0,0.4,0.7,8.0,47.0,8.333333333,2003
A,1/4/2004,1.0,8.5,7.0,0.65,1.05,5.0,33.0,0.555555556,2004
A,2/5/2004,1.0,7.0,7.0,0.8,1.1,60.0,43.0,6.111111111,2004
A,3/4/2004,0.0,7.5,7.0,1.0,1.2,16.0,64.0,17.77777778,2004
A,4/1/2004,0.0,6.7,7.0,0.6,1.0,13.0,54.0,12.22222222,2004
A,5/13/2004,0.0,3.9,6.0,0.7,0.8,26.0,77.0,25.0,2004
A,6/17/2004,0.0,2.9,6.5,0.5,0.5,26.0,77.0,25.0,2004
A,8/19/2004,0.0,3.0,6.5,0.95,0.95,27.0,80.0,26.66666667,2004
A,9/16/2004,0.0,3.6,6.5,0.4,0.8,26.0,29.0,-1.666666667,2004
A,11/18/2004,0.0,8.0,7.0,0.6,0.6,10.0,51.0,10.55555556,2004
A,12/16/2004,2.0,6.3,7.0,0.9,1.0,5.0,34.0,1.111111111,2004
B,1/4/2004,1.0,8.5,7.0,0.2,0.2,4.0,33.0,0.555555556,2004
B,2/5/2004,1.0,6.6,7.0,0.25,0.25,5.0,43.0,6.111111111,2004
B,3/4/2004,0.0,5.4,7.0,0.2,0.2,16.0,65.0,18.33333333,2004
B,4/1/2004,1.0,7.2,8.0,0.3,0.3,13.0,54.0,12.22222222,2004
B,5/13/2004,0.0,3.1,9.0,0.2,0.2,28.0,26.0,-3.333333333,2004
B,7/22/2004,0.0,3.1,8.0,0.1,0.1,28.5,81.0,27.22222222,2004
B,8/19/2004,0.0,2.8,6.5,0.2,0.2,28.0,82.0,27.77777778,2004
B,9/16/2004,0.0,3.7,7.0,0.2,0.2,26.0,29.0,-1.666666667,2004
B,10/21/2004,2.0,4.5,7.0,0.3,0.3,17.0,63.0,17.22222222,2004
B,11/18/2004,0.0,5.3,7.0,0.2,0.2,11.0,,-17.77777778,2004
B,12/16/2004,4.0,5.7,7.5,0.2,0.2,4.0,35.0,1.666666667,2004
C,1/20/2004,2.0,10.0,,0.5,0.5,3.0,40.0,4.444444444,2004
C,2/19/2004,1.0,9.1,7.0,0.5,0.6,6.0,11.5,-11.38888889,2004
C,3/18/2004,1.0,6.7,7.0,0.6,0.6,10.0,45.0,7.222222222,2004
C,4/16/2004,1.0,7.4,7.5,0.4,0.4,14.0,52.0,11.11111111,2004
C,6/3/2004,0.0,4.2,7.5,0.3,0.3,26.0,80.0,26.66666667,2004
C,7/8/2004,0.0,3.0,7.5,0.5,0.5,29.0,80.0,26.66666667,2004
C,8/5/2004,0.0,2.9,6.5,0.6,0.6,29.0,83.0,28.33333333,2004
C,10/1/2004,0.0,5.3,7.5,0.3,0.3,23.0,72.0,22.22222222,2004
C,11/5/2004,0.0,6.2,7.0,0.5,0.5,15.0,57.0,13.88888889,2004
C,12/2/2004,1.0,4.2,7.0,0.5,0.5,12.0,55.0,12.77777778,2004
D,1/20/2004,0.0,10.0,6.5,1.4,1.4,4.0,40.0,4.444444444,2004
D,2/19/2004,1.0,10.1,6.5,1.5,1.5,6.0,37.0,2.777777778,2004
D,4/16/2004,1.0,5.8,6.5,0.9,1.5,14.0,52.0,11.11111111,2004
D,4/29/2004,0.0,4.9,6.5,1.1,1.35,19.0,62.0,16.66666667,2004
D,6/3/2004,0.0,4.5,6.5,0.7,1.3,26.0,78.0,25.55555556,2004
D,7/8/2004,0.0,2.6,6.5,0.6,1.65,29.0,78.0,25.55555556,2004
D,8/5/2004,0.0,3.1,6.5,0.5,1.6,28.0,82.0,27.77777778,2004
D,9/2/2004,0.0,3.0,6.5,0.4,1.4,25.2,78.0,25.55555556,2004
D,10/1/2004,0.0,6.4,6.5,0.6,1.5,24.0,72.0,22.22222222,2004
D,10/21/2004,1.0,3.3,6.5,0.8,0.8,17.0,63.0,17.22222222,2004
D,12/2/2004,0.0,7.25,6.5,1.5,1.5,12.0,54.0,12.22222222,2004
D,12/16/2004,,3.0,6.5,1.5,1.5,5.0,35.0,1.666666667,2004
Bay,1/9/2004,1.0,8.2,6.5,0.4,0.4,6.0,33.0,0.555555556,2004
Bay,1/20/2004,1.0,9.5,6.5,0.2,0.3,7.0,40.0,4.444444444,2004
Bay,2/5/2004,0.0,5.9,6.5,0.2,0.25,15.5,43.0,6.111111111,2004
Bay,2/19/2004,1.0,7.5,7.0,0.1,0.1,6.0,37.0,2.777777778,2004
Bay,3/4/2004,1.0,3.7,6.5,0.1,0.5,15.0,64.0,17.77777778,2004
Bay,3/18/2004,0.0,7.7,6.5,0.2,0.45,9.0,43.3,6.277777778,2004
Bay,4/1/2004,0.0,7.6,7.0,0.1,0.1,14.0,52.5,11.38888889,2004
Bay,4/16/2004,1.0,5.7,6.5,0.2,0.5,13.0,52.0,11.11111111,2004
Bay,4/29/2004,0.0,7.1,6.5,0.35,0.45,16.0,62.0,16.66666667,2004
Bay,6/3/2004,0.0,4.8,6.5,0.5,0.7,26.0,77.0,25.0,2004
Bay,6/17/2004,0.0,3.3,6.5,0.5,0.8,25.0,77.0,25.0,2004
Bay,7/8/2004,1.0,4.7,6.5,0.5,0.6,27.0,77.0,25.0,2004
Bay,7/22/2004,2.0,3.1,6.5,0.5,0.55,27.0,79.0,26.11111111,2004
Bay,8/5/2004,0.0,3.15,6.5,0.55,0.6,27.0,81.5,27.5,2004
Bay,8/19/2004,0.0,4.75,6.5,0.4,0.8,26.0,79.9,26.61111111,2004
Bay,9/2/2004,0.0,5.2,6.5,0.4,0.6,24.0,78.0,25.55555556,2004
Bay,9/16/2004,0.0,4.0,6.5,0.45,0.65,24.0,29.0,-1.666666667,2004
Bay,10/1/2004,1.0,4.3,7.0,0.4,0.7,23.0,71.8,22.11111111,2004
Bay,10/21/2004,1.0,5.8,6.5,0.6,0.7,18.0,63.0,17.22222222,2004
Bay,11/5/2004,1.0,5.9,6.5,0.5,0.6,14.0,57.0,13.88888889,2004
Bay,11/18/2004,0.0,5.9,6.5,0.5,0.5,11.0,51.0,10.55555556,2004
Bay,12/2/2004,0.0,6.3,6.5,0.4,0.65,11.0,53.6,12.0,2004
Bay,12/16/2004,2.0,5.2,6.5,0.3,0.3,4.0,33.0,0.555555556,2004
A,2/3/2005,0.0,5.5,7.0,0.8,0.8,5.0,38.0,3.333333333,2005
A,3/3/2005,1.0,6.2,7.0,1.1,1.1,5.0,34.0,1.111111111,2005
A,4/21/2005,0.0,3.3,7.0,0.3,0.9,19.0,70.0,21.11111111,2005
A,5/24/2005,0.0,4.7,7.0,0.6,0.75,20.0,62.0,16.66666667,2005
A,7/14/2005,0.0,2.2,6.0,0.8,0.8,28.0,,-17.77777778,2005
A,10/7/2005,0.0,3.4,6.5,0.6,0.8,24.0,77.0,25.0,2005
A,12/1/2005,0.0,7.0,6.5,0.9,0.9,10.0,45.0,7.222222222,2005
B,2/3/2005,0.0,6.7,7.0,0.3,0.3,34.5,38.0,3.333333333,2005
B,3/3/2005,2.0,5.3,7.0,0.3,0.3,5.0,34.0,1.111111111,2005
B,4/21/2005,0.0,5.4,8.5,0.2,0.2,20.0,71.0,21.66666667,2005
B,5/24/2005,0.0,6.0,9.0,0.1,0.1,20.0,62.0,16.66666667,2005
B,7/14/2005,0.0,3.5,6.0,0.1,0.1,28.0,,-17.77777778,2005
B,9/8/2005,0.0,2.4,7.0,0.1,0.1,26.0,74.0,23.33333333,2005
B,10/7/2005,0.0,4.5,7.0,0.1,0.1,25.0,77.0,25.0,2005
B,11/3/2005,0.0,5.7,6.5,0.15,0.15,13.0,59.0,15.0,2005
B,12/1/2005,0.0,6.1,7.0,0.5,0.5,13.0,45.0,7.222222222,2005
C,1/6/2005,1.0,4.3,7.0,0.4,0.4,13.0,58.0,14.44444444,2005
C,2/17/2005,1.0,5.3,7.0,0.6,0.6,12.0,45.0,7.222222222,2005
C,3/10/2005,1.0,6.9,7.0,0.7,0.7,6.0,45.0,7.222222222,2005
C,6/3/2005,0.0,4.4,8.0,0.7,0.7,18.0,64.0,17.77777778,2005
C,6/16/2005,0.0,4.8,8.5,0.6,0.6,34.0,88.0,31.11111111,2005
C,7/1/2005,0.0,5.1,8.5,0.6,0.6,31.0,,-17.77777778,2005
C,8/11/2005,0.0,5.2,7.5,0.1,0.1,32.0,86.0,30.0,2005
C,8/24/2005,0.0,3.6,7.0,0.3,0.3,25.0,73.0,22.77777778,2005
C,9/22/2005,0.0,2.6,6.5,0.2,0.2,25.0,78.0,25.55555556,2005
C,10/27/2005,0.0,5.0,7.0,0.35,0.35,14.0,,-17.77777778,2005
C,11/10/2005,0.0,5.0,7.0,0.3,0.3,17.0,59.0,15.0,2005
D,1/6/2005,0.0,7.6,6.5,1.4,1.4,13.0,58.0,14.44444444,2005
D,2/17/2005,0.0,6.6,6.5,1.3,1.5,10.0,44.0,6.666666667,2005
D,3/10/2005,1.0,7.7,6.5,1.2,1.4,6.0,44.0,6.666666667,2005
D,5/5/2005,0.0,5.2,6.5,1.0,1.4,17.0,58.0,14.44444444,2005
D,6/3/2005,0.0,5.0,6.5,1.0,1.5,18.0,63.0,17.22222222,2005
D,6/16/2005,0.0,4.3,6.5,0.8,1.4,34.0,88.0,31.11111111,2005
D,7/1/2005,0.0,2.7,6.5,0.9,1.3,30.0,,-17.77777778,2005
D,7/21/2005,0.0,4.3,6.5,0.7,1.5,32.0,83.0,28.33333333,2005
D,8/11/2005,0.0,2.9,6.5,0.4,0.8,31.0,85.0,29.44444444,2005
D,8/24/2005,0.0,2.5,,0.7,1.5,27.0,73.0,22.77777778,2005
D,9/22/2005,0.0,3.9,6.5,0.7,1.0,26.0,78.0,25.55555556,2005
D,10/27/2005,0.0,5.9,6.5,1.0,1.4,14.0,51.0,10.55555556,2005
D,11/10/2005,0.0,5.9,6.5,0.9,1.3,17.0,59.0,15.0,2005
D,12/15/2005,0.0,10.0,6.5,0.8,0.9,5.0,46.0,7.777777778,2005
Bay,1/6/2005,1.0,5.9,6.0,0.4,0.5,12.0,57.7,14.27777778,2005
Bay,2/3/2005,0.0,7.3,6.5,0.15,0.15,6.0,37.4,3.0,2005
Bay,2/17/2005,0.0,6.3,6.5,0.3,0.5,9.0,44.0,6.666666667,2005
Bay,3/10/2005,1.0,7.4,6.0,0.2,0.4,6.0,44.0,6.666666667,2005
Bay,4/21/2005,0.0,5.2,6.0,0.2,0.5,19.0,70.0,21.11111111,2005
Bay,5/5/2005,0.0,6.9,6.5,0.4,0.4,15.0,58.0,14.44444444,2005
Bay,5/24/2005,0.0,6.3,6.5,0.4,0.6,20.0,61.0,16.11111111,2005
Bay,6/3/2005,0.0,6.6,6.5,0.6,0.7,18.0,63.0,17.22222222,2005
Bay,6/16/2005,,5.4,7.0,0.55,0.65,30.0,87.4,30.77777778,2005
Bay,7/1/2005,0.0,4.3,6.5,0.07,0.07,27.0,,-17.77777778,2005
Bay,7/14/2005,0.0,3.6,6.0,0.6,0.7,25.0,27.0,-2.777777778,2005
Bay,7/21/2005,0.0,5.7,6.0,0.6,0.6,28.0,83.0,28.33333333,2005
Bay,8/11/2005,0.0,3.7,6.5,0.6,0.6,27.0,85.0,29.44444444,2005
Bay,8/24/2005,0.0,4.9,6.0,0.45,0.45,25.0,73.0,22.77777778,2005
Bay,9/8/2005,0.0,5.0,6.5,0.1,0.1,74.0,76.0,24.44444444,2005
Bay,9/22/2005,0.0,4.3,6.0,0.5,0.7,25.0,78.0,25.55555556,2005
Bay,10/7/2005,0.0,5.3,6.5,0.6,0.7,24.0,72.0,22.22222222,2005
Bay,10/27/2005,0.0,6.2,6.5,0.5,0.5,16.0,51.0,10.55555556,2005
Bay,11/3/2005,0.0,5.7,6.5,0.5,0.5,14.0,57.0,13.88888889,2005
Bay,11/10/2005,0.0,6.6,6.5,0.5,0.7,18.0,59.0,15.0,2005
Bay,12/1/2005,0.0,7.2,6.5,0.45,0.45,11.0,43.0,6.111111111,2005
Bay,12/15/2005,0.0,7.6,6.5,0.2,0.2,6.0,46.0,7.777777778,2005
A,1/19/2006,0.0,7.7,6.5,1.1,1.1,9.0,46.0,7.777777778,2006
A,2/9/2006,0.0,8.6,7.0,1.0,1.1,7.0,39.2,4.0,2006
A,3/15/2006,0.0,7.8,7.0,1.0,1.0,14.0,44.6,7.0,2006
A,6/1/2006,0.0,5.0,7.0,0.7,0.7,20.0,77.0,25.0,2006
A,7/6/2006,0.0,3.6,6.5,0.9,1.0,28.0,73.4,23.0,2006
A,7/27/2006,0.0,2.0,6.5,,,28.0,79.0,26.11111111,2006
A,9/7/2006,0.0,3.7,6.5,,,24.0,70.0,21.11111111,2006
A,10/5/2006,0.0,6.3,,0.8,0.8,23.0,74.0,23.33333333,2006
A,11/16/2006,0.0,6.0,6.5,0.6,0.95,17.0,65.0,18.33333333,2006
A,12/14/2006,0.0,7.8,,0.65,0.75,13.0,58.0,14.44444444,2006
B,1/19/2006,0.0,5.7,7.0,0.2,0.2,8.0,46.0,7.777777778,2006
B,3/15/2006,0.0,7.7,7.0,0.2,0.2,12.0,48.2,9.0,2006
B,4/21/2006,0.0,8.0,7.0,0.2,0.2,18.0,62.6,17.0,2006
B,6/1/2006,0.0,4.4,7.0,0.1,0.1,26.0,77.0,25.0,2006
B,6/16/2006,0.0,3.8,6.0,0.4,0.4,23.0,68.0,20.0,2006
B,7/6/2006,0.0,4.7,6.5,0.2,0.2,27.0,73.4,23.0,2006
B,7/27/2006,0.0,2.9,6.5,0.2,0.2,29.0,79.0,26.11111111,2006
B,9/7/2006,0.0,3.5,6.5,0.2,0.2,25.0,70.0,21.11111111,2006
B,10/5/2006,0.0,8.2,7.0,0.4,0.4,23.0,73.0,22.77777778,2006
B,11/16/2006,0.0,6.8,6.5,0.3,0.3,18.0,65.0,18.33333333,2006
B,12/14/2006,0.0,7.7,6.0,0.1,0.2,15.0,58.0,14.44444444,2006
C,1/3/2006,0.0,5.9,7.0,0.5,0.5,10.0,48.0,8.888888889,2006
C,2/2/2006,0.0,8.8,7.0,0.5,0.5,9.0,54.0,12.22222222,2006
C,3/9/2006,0.0,9.9,7.5,0.5,0.5,10.0,57.2,14.0,2006
C,4/6/2006,0.0,8.2,8.0,0.4,0.4,14.0,59.0,15.0,2006
C,5/5/2006,0.0,9.0,8.5,0.1,0.3,19.0,60.8,16.0,2006
C,7/18/2006,0.0,2.7,6.5,0.2,0.2,26.0,73.0,22.77777778,2006
C,8/17/2006,0.0,6.8,6.5,0.2,0.2,28.0,80.0,26.66666667,2006
C,9/21/2006,0.0,5.2,6.5,0.4,0.4,20.0,66.0,18.88888889,2006
C,11/6/2006,0.0,4.9,6.5,0.1,0.1,17.0,61.0,16.11111111,2006
C,11/30/2006,0.0,6.9,6.5,0.1,0.1,14.0,65.0,18.33333333,2006
D,1/3/2006,0.0,8.1,6.5,1.2,1.6,9.0,48.0,8.888888889,2006
D,2/2/2006,0.0,8.2,,1.4,1.4,9.0,53.6,12.0,2006
D,3/9/2006,0.0,8.7,6.5,1.4,1.4,10.0,56.0,13.33333333,2006
D,4/6/2006,0.0,6.2,6.5,1.2,1.4,15.0,59.0,15.0,2006
D,5/5/2006,0.0,6.6,6.5,1.4,1.4,19.0,60.8,16.0,2006
D,7/18/2006,0.0,2.7,6.5,0.15,0.2,29.0,,-17.77777778,2006
D,8/17/2006,0.0,3.9,5.0,0.65,1.3,25.0,79.0,26.11111111,2006
D,9/21/2006,0.0,5.8,6.5,0.9,1.5,20.0,66.0,18.88888889,2006
D,10/19/2006,0.0,5.3,6.5,0.2,0.6,20.0,67.0,19.44444444,2006
D,11/6/2006,0.0,5.9,6.5,1.3,1.3,13.0,60.0,15.55555556,2006
D,11/30/2006,0.0,6.7,6.5,1.2,1.5,14.5,65.0,18.33333333,2006
Bay,1/3/2006,0.0,0.8,6.0,0.6,0.6,9.0,,-17.77777778,2006
Bay,1/19/2006,0.0,7.5,6.5,0.3,0.7,9.0,45.0,7.222222222,2006
Bay,2/2/2006,0.0,7.8,6.5,0.5,0.5,7.0,51.8,11.0,2006
Bay,2/9/2006,0.0,8.7,6.5,0.4,0.4,7.0,30.0,-1.111111111,2006
Bay,3/9/2006,1.0,9.7,6.5,0.2,0.4,10.0,59.0,15.0,2006
Bay,3/15/2006,0.0,7.5,7.0,0.2,0.6,11.0,48.0,8.888888889,2006
Bay,4/6/2006,0.0,7.7,6.5,0.5,0.5,13.0,53.0,11.66666667,2006
Bay,4/21/2006,1.0,6.9,6.5,0.3,0.5,17.0,62.6,17.0,2006
Bay,5/5/2006,0.0,7.4,6.5,0.1,0.1,19.0,60.8,16.0,2006
Bay,5/17/2006,0.0,7.3,6.5,0.5,0.8,20.0,71.6,22.0,2006
Bay,6/1/2006,0.0,6.1,6.5,0.5,0.65,25.0,77.0,25.0,2006
Bay,6/16/2006,0.0,6.8,6.5,0.5,0.7,22.0,68.0,20.0,2006
Bay,7/6/2006,0.0,6.0,6.5,0.4,0.8,27.0,73.4,23.0,2006
Bay,7/18/2006,0.0,5.3,6.0,2.0,5.0,27.0,73.0,22.77777778,2006
Bay,7/27/2006,0.0,6.9,6.0,0.4,0.6,28.0,78.8,26.0,2006
Bay,8/17/2006,0.0,7.2,7.0,0.4,0.55,25.0,79.0,26.11111111,2006
Bay,9/7/2006,0.0,6.3,7.0,0.45,0.9,23.0,70.0,21.11111111,2006
Bay,9/21/2006,0.0,6.3,7.0,0.5,0.7,19.0,65.0,18.33333333,2006
Bay,10/5/2006,0.0,7.0,7.0,0.4,0.7,22.0,73.0,22.77777778,2006
Bay,10/19/2006,8.0,0.1,7.0,0.4,0.7,18.0,65.0,18.33333333,2006
Bay,11/6/2006,0.0,7.6,6.5,0.3,0.3,11.0,60.0,15.55555556,2006
Bay,11/16/2006,0.0,7.7,6.5,0.6,0.9,18.0,65.0,18.33333333,2006
Bay,11/30/2006,0.0,6.3,6.5,0.5,0.7,14.0,65.0,18.33333333,2006
Bay,12/14/2006,0.0,8.0,6.5,0.4,0.4,13.0,50.0,10.0,2006
A,1/18/2007,0.0,9.8,7.0,0.7,0.7,7.0,47.0,8.333333333,2007
A,2/15/2007,0.0,8.8,7.0,1.0,1.0,5.0,26.0,-3.333333333,2007
A,8/2/2007,0.0,3.7,7.0,0.5,0.75,30.0,79.0,26.11111111,2007
A,9/6/2007,0.0,2.3,7.0,0.8,0.8,26.0,81.0,27.22222222,2007
A,10/18/2007,0.0,3.8,,0.3,1.0,23.0,70.0,21.11111111,2007
A,11/12/2007,0.0,3.9,7.0,0.8,1.0,13.0,59.0,15.0,2007
B,1/18/2007,0.0,6.8,7.0,0.3,0.3,6.0,47.0,8.333333333,2007
B,2/15/2007,0.0,10.0,6.5,0.2,0.2,2.0,26.0,-3.333333333,2007
B,3/21/2007,0.0,9.4,6.5,0.15,0.15,14.0,51.0,10.55555556,2007
B,4/19/2007,0.0,8.1,6.5,0.2,0.2,13.0,32.0,0.0,2007
B,5/24/2007,0.0,5.9,8.5,0.3,0.3,23.0,66.0,18.88888889,2007
B,7/5/2007,0.0,3.1,7.5,0.3,0.3,25.0,73.0,22.77777778,2007
B,8/2/2007,0.0,2.6,6.5,0.25,0.25,29.0,80.0,26.66666667,2007
B,10/18/2007,0.0,4.9,,0.3,0.48,23.0,70.0,21.11111111,2007
B,11/12/2007,0.0,6.2,7.0,0.4,0.4,12.0,57.0,13.88888889,2007
C,2/2/2007,0.0,9.3,8.0,0.2,0.2,5.0,43.0,6.111111111,2007
C,4/6/2007,0.0,8.4,7.0,0.4,0.4,15.0,47.0,8.333333333,2007
C,5/3/2007,0.0,5.8,7.5,0.4,0.4,19.0,59.0,15.0,2007
C,6/14/2007,1.0,5.1,8.0,0.3,0.3,21.0,67.0,19.44444444,2007
C,8/21/2007,0.0,4.5,7.0,0.3,0.3,28.0,81.0,27.22222222,2007
C,9/27/2007,0.0,2.0,,0.4,0.4,25.0,73.0,22.77777778,2007
C,10/11/2007,0.0,4.3,7.0,0.3,0.3,21.0,66.0,18.88888889,2007
C,11/1/2007,0.0,5.3,7.0,0.35,0.35,28.0,68.0,20.0,2007
C,12/6/2007,0.0,6.2,7.0,0.5,0.75,5.0,37.0,2.777777778,2007
C,12/20/2007,0.0,5.2,6.5,0.6,0.65,7.0,40.0,4.444444444,2007
D,1/4/2007,0.0,7.6,5.0,1.2,1.6,54.0,12.0,-11.11111111,2007
D,2/2/2007,0.0,10.0,6.5,2.0,2.0,5.0,43.0,6.111111111,2007
D,3/1/2007,,8.8,6.0,1.4,1.4,10.0,50.0,10.0,2007
D,4/6/2007,0.0,7.1,6.0,1.0,1.3,14.0,46.0,7.777777778,2007
D,5/3/2007,0.0,5.9,6.5,0.9,2.0,20.0,59.0,15.0,2007
D,6/14/2007,0.0,5.9,6.5,0.9,1.1,21.0,67.0,19.44444444,2007
D,7/5/2007,0.0,3.9,6.5,0.5,0.9,24.0,82.0,27.77777778,2007
D,7/19/2007,0.0,5.2,,0.8,0.9,29.0,80.0,26.66666667,2007
D,8/21/2007,0.0,5.7,7.0,0.7,0.9,28.0,80.0,26.66666667,2007
D,9/27/2007,0.0,4.1,8.5,0.5,0.8,26.0,73.0,22.77777778,2007
D,10/11/2007,0.0,3.3,7.0,0.6,0.9,22.0,66.0,18.88888889,2007
D,11/1/2007,0.0,5.9,7.0,0.75,1.0,28.0,68.0,20.0,2007
D,12/6/2007,0.0,8.7,7.0,1.0,1.0,5.0,37.0,2.777777778,2007
D,12/20/2007,0.0,6.3,6.0,1.1,1.1,7.0,40.0,4.444444444,2007
Bay,1/4/2007,0.0,9.0,6.5,0.6,0.6,12.0,54.0,12.22222222,2007
Bay,1/18/2007,0.0,10.1,6.5,0.2,0.2,6.0,47.0,8.333333333,2007
Bay,2/2/2007,0.0,8.1,6.5,0.45,0.45,5.0,42.0,5.555555556,2007
Bay,2/15/2007,0.0,9.3,6.5,0.3,0.3,3.0,26.0,-3.333333333,2007
Bay,3/1/2007,,7.2,6.5,0.3,0.4,9.0,48.0,8.888888889,2007
Bay,3/21/2007,0.0,8.7,6.5,0.3,0.37,11.0,51.0,10.55555556,2007
Bay,4/6/2007,0.0,9.9,6.5,0.4,0.45,11.0,46.0,7.777777778,2007
Bay,4/19/2007,0.0,8.7,6.5,0.1,0.2,13.0,57.0,13.88888889,2007
Bay,5/3/2007,0.0,7.2,6.5,0.4,0.7,19.0,59.0,15.0,2007
Bay,5/24/2007,0.0,6.9,7.0,0.5,0.6,20.0,65.0,18.33333333,2007
Bay,6/14/2007,0.0,8.8,6.5,7.4,7.4,20.0,67.0,19.44444444,2007
Bay,7/19/2007,0.0,4.7,7.0,0.3,0.7,27.0,80.0,26.66666667,2007
Bay,8/2/2007,0.0,3.2,8.0,0.45,0.55,28.0,78.0,25.55555556,2007
Bay,8/21/2007,0.0,5.1,7.5,0.4,0.8,26.0,80.0,26.66666667,2007
Bay,9/6/2007,0.0,4.2,8.5,0.5,0.65,25.0,81.0,27.22222222,2007
Bay,9/27/2007,0.0,3.2,8.0,0.5,0.9,25.0,73.0,22.77777778,2007
Bay,10/11/2007,0.0,3.2,7.0,0.4,0.7,23.0,65.0,18.33333333,2007
Bay,10/18/2007,0.0,4.2,,0.4,0.8,21.0,70.0,21.11111111,2007
Bay,11/1/2007,0.0,3.7,7.0,0.4,0.7,28.0,68.0,20.0,2007
Bay,11/12/2007,0.0,4.1,7.0,0.55,0.6,13.0,57.0,13.88888889,2007
Bay,12/6/2007,0.0,6.8,7.0,0.25,0.25,5.0,37.0,2.777777778,2007
Bay,12/20/2007,0.0,6.3,7.0,0.4,0.6,6.0,39.0,3.888888889,2007
A,2/19/2008,0.0,5.1,6.5,0.7,2.1,12.0,46.0,7.777777778,2008
A,3/21/2008,0.0,4.8,6.5,0.8,1.5,15.0,48.0,8.888888889,2008
A,4/17/2008,0.0,4.0,6.5,0.5,1.2,16.0,59.0,15.0,2008
A,5/22/2008,0.0,4.3,7.0,0.6,1.0,22.0,67.0,19.44444444,2008
A,6/19/2008,1.0,5.2,7.0,0.6,0.7,27.0,,-17.77777778,2008
A,7/21/2008,1.0,3.8,6.5,0.7,1.3,32.0,85.0,29.44444444,2008
A,9/23/2008,1.0,6.6,7.0,0.5,0.5,20.0,68.0,20.0,2008
A,11/6/2008,1.0,6.8,6.5,0.8,0.85,15.0,60.0,15.55555556,2008
B,1/17/2008,1.0,4.9,7.0,0.7,0.9,5.0,42.0,5.555555556,2008
B,2/19/2008,0.0,6.2,,0.53,0.53,12.0,47.0,8.333333333,2008
B,3/21/2008,0.0,6.9,8.0,0.6,0.6,13.0,49.0,9.444444444,2008
B,4/17/2008,0.0,5.3,8.5,0.55,0.55,13.0,59.0,15.0,2008
B,5/22/2008,0.0,5.2,7.0,0.4,0.4,22.0,68.0,20.0,2008
B,6/19/2008,1.0,5.9,7.5,0.2,0.4,26.0,,-17.77777778,2008
B,7/21/2008,1.0,2.8,7.5,2.5,2.5,30.0,85.0,29.44444444,2008
B,9/23/2008,2.0,3.9,7.0,0.1,0.2,20.0,68.0,20.0,2008
B,11/6/2008,3.0,7.0,7.5,0.3,0.3,15.0,60.0,15.55555556,2008
C,2/7/2008,0.0,4.3,7.0,0.7,0.7,16.0,61.0,16.11111111,2008
C,3/7/2008,0.0,5.2,7.0,0.6,0.6,4.0,45.0,7.222222222,2008
C,4/3/2008,0.0,6.5,7.0,0.3,0.5,13.0,48.0,8.888888889,2008
C,5/8/2008,0.0,2.3,7.0,0.4,0.6,20.0,70.0,21.11111111,2008
C,6/5/2008,0.0,5.4,8.0,0.25,0.4,29.0,78.0,25.55555556,2008
C,7/3/2008,1.0,5.1,7.0,0.4,0.4,29.0,87.0,30.55555556,2008
C,8/21/2008,,5.5,8.0,0.2,0.2,5.5,75.0,23.88888889,2008
C,9/9/2008,1.0,3.1,7.5,0.2,0.2,28.0,74.0,23.33333333,2008
C,10/9/2008,0.0,3.9,8.0,0.2,0.2,21.0,70.0,21.11111111,2008
C,10/28/2008,1.0,6.3,8.0,0.4,0.5,10.0,45.0,7.222222222,2008
C,11/18/2008,1.0,6.3,7.0,0.5,0.5,8.0,41.0,5.0,2008
C,12/4/2008,0.0,7.1,6.0,0.9,1.5,8.0,47.0,8.333333333,2008
C,12/16/2008,1.0,6.4,7.5,0.3,0.5,10.0,49.0,9.444444444,2008
D,1/17/2008,1.0,5.1,6.5,0.9,1.3,6.0,42.0,5.555555556,2008
D,2/7/2008,0.0,6.5,6.5,1.9,1.9,15.0,62.0,16.66666667,2008
D,3/7/2008,0.0,8.1,6.5,1.2,2.0,4.0,45.0,7.222222222,2008
D,4/3/2008,0.0,7.0,6.5,0.7,1.3,12.0,47.0,8.333333333,2008
D,5/8/2008,0.0,2.2,6.0,0.3,1.5,20.0,70.0,21.11111111,2008
D,6/5/2008,0.0,5.0,7.0,0.7,1.3,28.0,83.0,28.33333333,2008
D,7/3/2008,1.0,4.6,7.0,0.6,1.2,27.0,83.0,28.33333333,2008
D,8/7/2008,0.0,5.0,6.5,0.7,1.2,28.0,79.0,26.11111111,2008
D,8/21/2008,,5.1,6.5,0.6,1.3,26.0,75.0,23.88888889,2008
D,9/9/2008,1.0,6.0,6.5,0.7,1.2,27.0,73.0,22.77777778,2008
D,10/9/2008,0.0,6.0,6.5,1.0,1.4,21.0,69.0,20.55555556,2008
D,10/28/2008,1.0,8.1,6.5,1.2,1.4,12.0,45.0,7.222222222,2008
D,11/18/2008,1.0,6.0,6.5,0.7,1.4,10.0,41.0,5.0,2008
D,12/16/2008,1.0,6.4,6.5,0.7,1.5,11.0,49.0,9.444444444,2008
Bay,1/17/2008,1.0,7.1,7.0,0.3,0.3,6.0,42.0,5.555555556,2008
Bay,2/7/2008,0.0,3.0,7.0,0.2,0.8,15.0,61.0,16.11111111,2008
Bay,2/19/2008,0.0,5.3,7.0,0.3,0.7,11.0,45.0,7.222222222,2008
Bay,3/7/2008,0.0,4.0,7.0,0.3,0.7,5.0,45.0,7.222222222,2008
Bay,3/21/2008,0.0,7.5,7.0,0.2,0.7,12.0,48.0,8.888888889,2008
Bay,4/3/2008,1.0,7.9,7.0,0.3,0.4,12.0,47.0,8.333333333,2008
Bay,4/17/2008,0.0,6.4,7.0,0.25,0.25,12.0,59.0,15.0,2008
Bay,5/8/2008,0.0,5.3,7.0,0.3,1.0,20.0,70.0,21.11111111,2008
Bay,6/5/2008,0.0,4.9,7.2,0.6,0.88,26.0,83.0,28.33333333,2008
Bay,6/19/2008,4.0,6.2,7.0,0.5,0.6,24.5,75.0,23.88888889,2008
Bay,7/3/2008,1.0,7.3,8.0,0.4,0.4,26.0,81.0,27.22222222,2008
Bay,7/21/2008,2.0,5.6,8.5,0.6,0.7,28.0,83.0,28.33333333,2008
Bay,8/7/2008,3.0,6.6,8.0,0.7,0.7,26.0,78.0,25.55555556,2008
Bay,8/21/2008,,5.9,8.0,0.6,0.6,23.0,75.0,23.88888889,2008
Bay,9/9/2008,2.0,4.5,6.0,0.7,0.825,25.0,73.0,22.77777778,2008
Bay,9/23/2008,3.0,3.7,8.0,1.0,1.0,20.0,68.0,20.0,2008
Bay,10/9/2008,0.0,5.3,7.0,0.5,0.6,20.0,68.0,20.0,2008
Bay,10/28/2008,3.0,7.0,7.5,0.7,0.9,11.0,45.0,7.222222222,2008
Bay,11/6/2008,3.0,5.9,7.0,0.2,0.3,20.0,59.0,15.0,2008
Bay,11/18/2008,1.0,9.3,7.0,0.7,0.7,9.0,41.0,5.0,2008
Bay,12/4/2008,1.0,6.6,7.0,0.7,0.7,7.0,47.0,8.333333333,2008
Bay,12/16/2008,1.0,5.6,6.5,0.6,0.85,12.0,49.0,9.444444444,2008
A,1/27/2009,0.0,6.9,6.5,0.5,0.8,4.0,38.0,3.333333333,2009
A,2/19/2009,0.0,5.2,6.5,0.8,0.9,10.0,55.0,12.77777778,2009
A,3/17/2009,,7.1,6.5,0.6,8.5,9.0,46.0,7.777777778,2009
A,4/21/2009,0.0,3.7,6.5,0.4,0.6,19.0,61.0,16.11111111,2009
A,5/21/2009,0.0,4.1,7.0,0.5,0.7,21.0,61.0,16.11111111,2009
A,6/23/2009,0.0,4.2,7.0,0.5,0.5,16.0,73.0,22.77777778,2009
A,7/21/2009,0.0,3.2,6.5,0.45,0.45,27.0,72.0,22.22222222,2009
A,8/20/2009,0.0,3.5,6.5,0.5,0.5,29.0,80.0,26.66666667,2009
A,9/17/2009,0.0,1.9,6.5,0.3,0.6,24.0,70.0,21.11111111,2009
A,10/20/2009,0.0,6.3,6.5,0.5,0.5,14.0,42.0,5.555555556,2009
A,11/5/2009,0.0,5.9,,0.5,0.5,16.0,60.0,15.55555556,2009
A,12/1/2009,0.0,6.4,6.5,0.7,0.7,12.0,46.0,7.777777778,2009
B,1/27/2009,0.0,8.0,7.0,0.3,0.3,4.0,38.0,3.333333333,2009
B,2/19/2009,0.0,8.0,7.0,0.25,0.25,10.0,55.0,12.77777778,2009
B,3/17/2009,,8.6,7.0,0.45,0.45,9.0,44.0,6.666666667,2009
B,4/21/2009,0.0,5.3,8.0,0.4,0.6,21.0,62.0,16.66666667,2009
B,5/21/2009,0.0,4.8,9.0,0.1,0.3,20.0,61.0,16.11111111,2009
B,6/23/2009,0.0,0.8,8.5,0.2,0.2,27.0,73.0,22.77777778,2009
B,7/21/2009,0.0,1.8,7.0,0.5,0.5,25.0,72.0,22.22222222,2009
B,8/20/2009,0.0,4.3,7.5,0.4,0.4,29.0,81.0,27.22222222,2009
B,9/17/2009,0.0,1.1,6.5,0.1,0.6,24.0,78.0,25.55555556,2009
B,10/20/2009,0.0,6.8,7.0,0.5,0.5,13.0,58.0,14.44444444,2009
B,12/1/2009,0.0,5.3,7.0,0.58,0.58,10.0,47.0,8.333333333,2009
C,1/8/2009,,5.9,6.5,0.5,0.5,8.5,46.0,7.777777778,2009
C,2/5/2009,0.0,8.4,7.0,0.5,0.5,1.0,26.0,-3.333333333,2009
C,3/5/2009,0.0,7.5,6.5,0.5,0.5,8.0,40.0,4.444444444,2009
C,4/5/2009,0.0,5.3,6.5,0.5,0.5,12.0,48.0,8.888888889,2009
C,5/7/2009,0.0,6.0,,0.4,0.4,22.0,70.0,21.11111111,2009
C,6/2/2009,,3.9,9.0,0.4,0.4,28.0,75.0,23.88888889,2009
C,7/7/2009,0.0,4.2,6.5,0.35,0.35,26.0,75.0,23.88888889,2009
C,8/4/2009,0.0,2.5,,0.4,0.4,28.0,80.0,26.66666667,2009
C,9/1/2009,0.0,4.6,7.5,0.6,0.6,22.0,70.0,21.11111111,2009
C,10/1/2009,0.0,4.2,7.0,0.3,0.3,21.0,69.0,20.55555556,2009
C,11/20/2009,0.0,5.3,6.5,0.5,0.5,16.0,58.0,14.44444444,2009
C,12/15/2009,2.0,6.3,6.5,0.67,0.67,11.0,51.0,10.55555556,2009
D,1/8/2009,,6.1,6.5,0.3,1.6,9.0,46.0,7.777777778,2009
D,2/5/2009,0.0,9.7,6.5,0.7,1.4,2.0,26.0,-3.333333333,2009
D,4/5/2009,0.0,6.7,6.5,0.5,1.5,14.0,48.0,8.888888889,2009
D,5/7/2009,0.0,5.0,7.0,0.6,1.7,23.0,70.0,21.11111111,2009
D,6/2/2009,0.0,4.0,6.5,0.7,1.5,26.0,73.0,22.77777778,2009
D,7/7/2009,0.0,4.0,6.5,1.6,1.7,26.0,75.0,23.88888889,2009
D,9/1/2009,1.0,7.7,6.0,0.5,1.5,21.0,70.0,21.11111111,2009
D,10/1/2009,0.0,3.8,6.0,1.6,1.7,20.0,69.0,20.55555556,2009
D,11/20/2009,0.0,6.0,6.0,0.8,1.6,15.0,58.0,14.44444444,2009
D,12/15/2009,2.0,7.2,5.5,1.3,1.65,10.0,51.0,10.55555556,2009
Bay,1/8/2009,,6.1,7.0,0.15,0.7,8.5,46.0,7.777777778,2009
Bay,1/27/2009,0.0,6.4,7.0,0.03,0.03,5.0,38.0,3.333333333,2009
Bay,2/5/2009,1.0,9.1,7.0,0.3,0.3,2.0,26.0,-3.333333333,2009
Bay,2/19/2009,1.0,9.0,7.0,3.5,3.5,12.0,55.0,12.77777778,2009
Bay,3/5/2009,1.0,9.0,7.0,0.3,0.3,12.0,40.0,4.444444444,2009
Bay,3/17/2009,,6.6,7.0,0.3,0.3,9.0,46.0,7.777777778,2009
Bay,4/5/2009,0.0,7.5,7.0,0.3,0.8,15.0,48.0,8.888888889,2009
Bay,5/7/2009,0.0,6.9,7.0,0.5,1.1,21.0,69.0,20.55555556,2009
Bay,5/21/2009,0.0,8.1,8.5,0.03,0.03,19.0,60.0,15.55555556,2009
Bay,6/2/2009,0.0,5.8,8.5,0.5,0.5,24.0,73.0,22.77777778,2009
Bay,6/23/2009,0.0,6.6,9.0,0.7,0.7,24.0,73.0,22.77777778,2009
Bay,7/7/2009,2.0,5.3,9.0,0.8,0.8,25.0,75.0,23.88888889,2009
Bay,7/21/2009,1.0,3.1,8.5,0.65,0.65,25.0,72.0,22.22222222,2009
Bay,8/4/2009,0.0,3.3,8.5,0.8,0.8,28.0,80.0,26.66666667,2009
Bay,8/20/2009,0.0,3.0,7.5,0.8,0.8,27.0,80.0,26.66666667,2009
Bay,9/1/2009,2.0,2.7,7.0,0.6,0.6,22.0,70.0,21.11111111,2009
Bay,9/17/2009,2.0,4.1,7.0,0.8,0.8,24.0,70.0,21.11111111,2009
Bay,10/1/2009,1.0,6.9,7.0,0.8,0.8,20.0,69.0,20.55555556,2009
Bay,10/20/2009,0.0,2.3,7.0,0.4,0.4,12.0,56.0,13.33333333,2009
Bay,11/5/2009,0.0,7.6,6.5,0.8,0.8,16.0,60.0,15.55555556,2009
Bay,11/20/2009,2.0,7.2,7.0,0.7,0.9,16.0,58.0,14.44444444,2009
Bay,12/1/2009,0.0,7.8,6.5,0.82,0.88,10.0,46.0,7.777777778,2009
Bay,12/15/2009,,2.0,6.3,0.7,0.8,11.0,51.0,10.55555556,2009
A,3/16/2010,0.0,5.7,6.0,0.5,0.7,12.0,44.0,6.666666667,2010
A,4/23/2010,0.0,4.0,6.5,0.5,0.6,18.0,59.0,15.0,2010
A,5/19/2010,0.0,4.6,6.5,0.6,0.7,20.0,59.0,15.0,2010
A,6/15/2010,0.0,4.5,6.5,0.5,0.5,29.0,81.0,27.22222222,2010
A,7/20/2010,0.0,4.1,6.5,0.5,0.9,28.0,84.0,28.88888889,2010
A,8/17/2010,0.0,4.2,6.5,0.8,0.9,28.0,86.0,30.0,2010
A,9/22/2010,0.0,4.0,7.5,0.5,0.8,26.0,75.0,23.88888889,2010
A,11/16/2010,0.0,8.2,6.5,0.9,0.9,14.0,60.0,15.55555556,2010
B,3/16/2010,0.0,8.1,7.0,0.55,0.6,11.0,44.0,6.666666667,2010
B,4/23/2010,0.0,4.0,6.5,0.4,0.4,16.0,60.0,15.55555556,2010
B,5/19/2010,0.0,5.2,7.5,0.4,0.4,16.0,59.0,15.0,2010
B,6/15/2010,0.0,4.2,7.0,0.2,0.2,28.0,81.0,27.22222222,2010
B,7/20/2010,0.0,3.7,7.0,0.4,0.4,29.0,84.0,28.88888889,2010
B,9/22/2010,0.0,3.2,9.0,0.2,0.35,26.0,75.0,23.88888889,2010
B,11/16/2010,0.0,4.3,8.5,0.2,0.2,16.0,60.0,15.55555556,2010
B,12/21/2010,0.0,4.3,7.0,0.4,0.4,3.0,31.0,-0.555555556,2010
C,3/5/2010,0.0,9.5,6.5,0.6,0.6,7.0,40.0,4.444444444,2010
C,4/6/2010,0.0,5.1,6.5,0.5,0.5,22.0,72.0,22.22222222,2010
C,5/6/2010,0.0,4.9,6.5,0.3,0.3,24.0,76.0,24.44444444,2010
C,6/1/2010,0.0,5.1,7.0,0.3,0.3,25.0,77.0,25.0,2010
C,7/8/2010,0.0,5.2,7.5,0.4,0.4,30.0,82.0,27.77777778,2010
C,8/3/2010,0.0,4.5,6.5,0.4,0.4,28.0,83.0,28.33333333,2010
C,9/2/2010,0.0,2.3,7.0,0.6,0.6,27.0,76.0,24.44444444,2010
C,11/2/2010,0.0,7.3,7.5,0.5,0.5,13.0,55.0,12.77777778,2010
C,12/7/2010,0.0,8.8,7.0,0.5,0.5,2.0,30.0,-1.111111111,2010
D,2/5/2010,,9.5,6.5,0.6,1.2,5.0,39.0,3.888888889,2010
D,3/5/2010,0.0,8.7,6.5,1.2,1.5,6.0,40.0,4.444444444,2010
D,4/6/2010,0.0,6.3,6.0,0.7,1.7,22.0,72.0,22.22222222,2010
D,5/6/2010,0.0,5.0,6.5,0.8,1.5,25.0,76.0,24.44444444,2010
D,6/1/2010,0.0,5.2,6.0,0.7,1.5,25.0,77.0,25.0,2010
D,7/8/2010,0.0,5.2,6.5,0.7,1.2,31.0,81.0,27.22222222,2010
D,8/3/2010,0.0,6.0,6.5,0.8,1.2,28.0,82.0,27.77777778,2010
D,9/2/2010,0.0,2.7,6.5,0.85,1.2,26.0,76.0,24.44444444,2010
D,10/14/2010,0.0,5.9,6.5,0.8,1.3,19.0,68.0,20.0,2010
D,11/2/2010,0.0,7.2,6.5,1.0,1.4,13.0,55.0,12.77777778,2010
D,12/7/2010,0.0,10.3,6.0,1.1,1.1,2.0,30.0,-1.111111111,2010
Bay,1/7/2010,0.0,7.0,6.5,,,4.0,30.0,-1.111111111,2010
Bay,2/5/2010,,7.0,6.5,0.4,0.4,5.0,39.0,3.888888889,2010
Bay,3/5/2010,0.0,7.7,6.5,0.2,0.4,10.0,40.0,4.444444444,2010
Bay,3/16/2010,0.0,7.9,6.5,0.3,0.8,10.0,44.0,6.666666667,2010
Bay,4/6/2010,1.0,5.9,6.5,0.8,1.0,20.0,72.0,22.22222222,2010
Bay,4/23/2010,1.0,6.7,6.5,0.6,0.6,16.0,58.0,14.44444444,2010
Bay,5/6/2010,0.0,6.5,7.0,0.75,0.9,23.0,76.0,24.44444444,2010
Bay,5/19/2010,0.0,7.0,6.5,0.5,0.6,17.0,59.0,15.0,2010
Bay,6/1/2010,0.0,6.8,7.0,0.7,0.9,25.0,77.0,25.0,2010
Bay,6/15/2010,0.0,5.4,7.0,0.5,0.5,28.0,80.0,26.66666667,2010
Bay,7/8/2010,0.0,3.6,8.5,0.4,0.45,29.0,81.0,27.22222222,2010
Bay,7/20/2010,0.0,3.9,7.0,0.7,1.0,27.0,82.0,27.77777778,2010
Bay,8/3/2010,0.0,5.1,7.0,0.5,0.5,26.0,82.0,27.77777778,2010
Bay,8/17/2010,0.0,3.1,8.0,0.5,0.9,27.0,86.0,30.0,2010
Bay,9/2/2010,0.0,3.3,7.0,0.5,0.7,26.0,76.0,24.44444444,2010
Bay,9/22/2010,0.0,5.0,8.5,0.6,0.8,26.0,74.0,23.33333333,2010
Bay,10/14/2010,0.0,3.9,7.5,0.5,0.8,19.0,,-17.77777778,2010
Bay,11/2/2010,0.0,5.0,7.5,0.4,0.4,12.0,55.0,12.77777778,2010
Bay,11/16/2010,0.0,6.7,8.0,0.5,0.8,15.0,60.0,15.55555556,2010
Bay,12/7/2010,0.0,5.7,7.0,0.3,0.5,4.0,30.0,-1.111111111,2010
A,2/8/2011,0.0,3.9,6.5,,,7.0,46.0,7.777777778,2011
A,3/24/2011,0.0,3.0,6.5,0.4,1.0,14.0,48.0,8.888888889,2011
A,4/28/2011,0.0,4.0,6.5,0.3,0.3,24.0,76.0,24.44444444,2011
A,5/26/2011,0.0,2.4,7.5,0.7,0.8,28.0,79.0,26.11111111,2011
A,6/23/2011,0.0,5.7,7.5,0.5,0.8,27.0,87.0,30.55555556,2011
A,7/28/2011,0.0,3.2,7.5,0.8,0.8,31.0,87.0,30.55555556,2011
A,9/8/2011,0.0,5.0,6.5,0.5,0.8,27.0,78.0,25.55555556,2011
A,10/13/2011,0.0,4.0,6.5,0.7,0.8,22.0,75.0,23.88888889,2011
A,11/10/2011,0.0,8.6,,0.6,0.8,19.0,60.0,15.55555556,2011
A,12/8/2011,0.0,8.0,7.0,0.8,0.9,12.0,47.0,8.333333333,2011
B,1/4/2011,0.0,7.2,6.5,0.4,0.4,5.0,32.0,0.0,2011
B,2/8/2011,0.0,3.6,7.0,,,9.0,46.0,7.777777778,2011
B,3/24/2011,0.0,3.9,7.0,0.5,0.5,14.0,48.0,8.888888889,2011
B,5/26/2011,0.0,1.5,,0.2,0.4,27.0,79.0,26.11111111,2011
B,6/23/2011,0.0,5.8,8.0,0.3,0.3,27.0,89.0,31.66666667,2011
B,7/28/2011,0.0,2.4,7.0,0.4,0.4,30.0,85.0,29.44444444,2011
B,9/8/2011,0.0,3.1,6.5,0.1,0.2,27.0,78.0,25.55555556,2011
B,10/13/2011,0.0,3.0,7.0,0.05,0.05,22.0,75.0,23.88888889,2011
B,11/10/2011,0.0,7.9,7.5,0.2,0.2,19.0,60.0,15.55555556,2011
B,12/8/2011,0.0,5.0,7.0,0.1,0.4,13.0,47.0,8.333333333,2011
C,1/18/2011,0.0,5.1,6.5,0.6,0.8,5.0,40.0,4.444444444,2011
C,3/3/2011,0.0,3.9,7.5,,,7.0,38.0,3.333333333,2011
C,4/14/2011,0.0,5.6,8.0,0.3,0.3,19.0,58.0,14.44444444,2011
C,4/28/2011,0.0,3.6,7.0,0.17,0.17,23.0,76.0,24.44444444,2011
C,5/12/2011,0.0,3.7,9.0,,,23.0,66.0,18.88888889,2011
D,1/18/2011,0.0,10.0,6.5,1.4,1.4,6.0,39.0,3.888888889,2011
D,3/3/2011,,5.0,6.0,,,8.0,38.0,3.333333333,2011
D,4/14/2011,0.0,6.9,6.5,0.9,1.4,19.0,58.0,14.44444444,2011
D,5/12/2011,0.0,3.7,6.5,,,19.0,65.0,18.33333333,2011
D,6/9/2011,0.0,4.8,7.0,0.6,1.2,29.0,85.0,29.44444444,2011
D,7/14/2011,0.0,5.6,6.5,0.8,1.1,27.0,76.0,24.44444444,2011
D,8/11/2011,0.0,2.0,7.0,0.9,0.9,29.0,82.0,27.77777778,2011
D,9/22/2011,0.0,4.6,6.5,0.6,1.4,25.0,78.0,25.55555556,2011
D,11/22/2011,0.0,8.0,,0.8,0.9,15.0,61.0,16.11111111,2011
D,12/22/2011,0.0,9.8,7.0,1.0,1.4,16.0,60.0,15.55555556,2011
Bay,1/4/2011,0.0,3.1,6.5,0.2,0.45,5.0,31.0,-0.555555556,2011
Bay,1/18/2011,0.0,6.2,7.0,0.2,0.6,7.0,39.0,3.888888889,2011
Bay,2/8/2011,0.0,3.8,6.5,0.2,0.6,8.0,46.0,7.777777778,2011
Bay,3/3/2011,0.0,3.7,7.0,,,8.0,40.0,4.444444444,2011
Bay,3/24/2011,0.0,3.3,7.0,0.2,0.55,33.0,52.0,11.11111111,2011
Bay,4/14/2011,0.0,3.5,7.0,0.4,0.6,16.5,58.0,14.44444444,2011
Bay,4/28/2011,0.0,5.2,7.0,0.3,1.3,23.0,76.0,24.44444444,2011
Bay,5/12/2011,0.0,4.5,7.0,,,18.0,65.0,18.33333333,2011
Bay,5/26/2011,0.0,3.7,7.5,0.5,0.9,25.0,79.0,26.11111111,2011
Bay,6/9/2011,0.0,3.2,8.0,0.4,0.8,27.0,85.0,29.44444444,2011
Bay,6/23/2011,0.0,5.6,8.0,0.5,0.9,26.0,80.0,26.66666667,2011
Bay,7/14/2011,0.0,3.0,8.5,0.4,0.6,26.0,75.0,23.88888889,2011
Bay,7/28/2011,0.0,2.0,9.0,0.5,0.7,29.0,85.0,29.44444444,2011
Bay,8/11/2011,0.0,3.5,9.0,0.4,0.7,28.0,82.0,27.77777778,2011
Bay,9/8/2011,0.0,5.0,7.0,0.6,1.1,26.0,78.0,25.55555556,2011
Bay,9/22/2011,0.0,5.3,8.0,0.5,0.7,24.0,78.0,25.55555556,2011
Bay,10/13/2011,0.0,4.2,7.5,0.5,0.7,21.0,75.0,23.88888889,2011
Bay,10/27/2011,0.0,7.4,7.5,0.5,0.9,16.0,62.0,16.66666667,2011
Bay,11/10/2011,0.0,5.2,7.5,0.7,0.7,16.0,60.0,15.55555556,2011
Bay,11/22/2011,0.0,7.3,7.0,0.2,0.6,16.0,61.0,16.11111111,2011
Bay,12/8/2011,0.0,7.9,7.0,0.35,0.7,12.0,47.0,8.333333333,2011
Bay,12/22/2011,0.0,7.8,7.0,0.3,0.7,17.0,60.0,15.55555556,2011
A,1/11/2012,0.0,8.2,6.5,0.9,0.9,12.0,53.0,11.66666667,2012
A,2/9/2012,0.0,5.8,7.0,1.0,1.0,8.0,39.0,3.888888889,2012
A,3/1/2012,0.0,4.3,7.5,,,16.0,70.0,21.11111111,2012
A,4/12/2012,0.0,7.0,7.0,0.6,0.7,14.0,51.0,10.55555556,2012
A,5/10/2012,0.0,4.5,7.0,0.7,0.9,21.0,63.0,17.22222222,2012
A,6/14/2012,0.0,4.9,7.0,0.6,0.7,22.0,69.0,20.55555556,2012
A,8/9/2012,0.0,3.0,7.0,0.5,0.9,28.0,80.0,26.66666667,2012
A,9/4/2012,0.0,4.3,6.5,0.7,0.7,28.0,80.0,26.66666667,2012
A,11/29/2012,0.0,9.0,6.5,0.2,0.2,8.0,48.0,8.888888889,2012
B,1/11/2012,0.0,6.0,7.0,0.3,0.3,11.0,54.0,12.22222222,2012
B,2/9/2012,0.0,7.5,7.0,0.3,0.3,8.0,39.0,3.888888889,2012
B,3/1/2012,0.0,6.3,7.5,0.2,0.4,16.0,69.0,20.55555556,2012
B,4/12/2012,0.0,7.0,7.5,0.3,0.3,13.0,51.0,10.55555556,2012
B,5/10/2012,0.0,6.7,7.0,0.5,0.5,20.0,64.0,17.77777778,2012
B,6/14/2012,0.0,4.5,7.5,0.2,0.2,22.0,70.0,21.11111111,2012
B,8/9/2012,0.0,2.9,7.5,0.3,0.4,27.0,80.0,26.66666667,2012
B,10/19/2012,0.0,7.1,7.0,0.4,0.4,20.0,70.0,21.11111111,2012
B,11/29/2012,0.0,9.7,7.0,0.4,0.4,9.0,49.0,9.444444444,2012
D,1/26/2012,0.0,7.2,6.5,1.2,1.4,11.0,50.0,10.0,2012
D,2/21/2012,0.0,10.0,6.5,1.0,1.5,8.0,46.0,7.777777778,2012
D,3/8/2012,0.0,9.5,6.5,1.2,1.5,14.0,58.0,14.44444444,2012
D,4/26/2012,0.0,7.4,6.5,0.8,1.4,17.0,63.0,17.22222222,2012
D,5/24/2012,0.0,6.1,6.5,0.9,1.5,25.0,72.0,22.22222222,2012
D,6/28/2012,0.0,5.0,6.5,0.6,1.3,27.0,73.0,22.77777778,2012
D,7/19/2012,0.0,4.2,7.0,0.8,1.4,30.0,82.0,27.77777778,2012
D,8/23/2012,0.0,5.5,6.5,0.7,1.4,26.0,76.0,24.44444444,2012
D,9/13/2012,,5.2,6.5,1.0,1.25,23.0,70.0,21.11111111,2012
D,10/4/2012,0.0,5.8,6.5,0.9,1.2,24.0,75.0,23.88888889,2012
D,10/19/2012,0.0,5.5,7.5,0.6,0.8,22.0,70.0,21.11111111,2012
D,11/8/2012,0.0,8.6,6.0,0.5,1.5,9.0,45.0,7.222222222,2012
D,12/13/2012,0.0,8.8,6.5,0.9,1.6,9.0,48.0,8.888888889,2012
Bay,1/11/2012,0.0,6.9,7.5,0.2,0.7,12.0,54.0,12.22222222,2012
Bay,1/26/2012,0.0,6.5,7.0,0.2,0.8,11.0,50.0,10.0,2012
Bay,2/9/2012,0.0,5.3,7.5,0.2,0.3,8.0,39.0,3.888888889,2012
Bay,2/21/2012,0.0,6.2,7.0,0.2,0.2,8.0,46.0,7.777777778,2012
Bay,3/8/2012,0.0,7.2,7.0,0.4,0.6,13.0,58.0,14.44444444,2012
Bay,4/12/2012,0.0,6.5,8.0,0.4,0.6,11.0,51.0,10.55555556,2012
Bay,4/26/2012,0.0,7.1,7.5,0.4,0.8,17.0,63.0,17.22222222,2012
Bay,5/10/2012,0.0,5.3,8.0,0.4,0.7,19.0,63.0,17.22222222,2012
Bay,5/24/2012,0.0,6.1,8.5,0.5,0.8,24.0,72.0,22.22222222,2012
Bay,6/14/2012,0.0,3.9,8.5,0.5,0.7,22.0,69.0,20.55555556,2012
Bay,6/28/2012,0.0,4.9,,0.45,0.7,26.0,72.0,22.22222222,2012
Bay,7/19/2012,0.0,5.9,8.5,0.5,0.9,28.0,82.0,27.77777778,2012
Bay,8/23/2012,0.0,6.1,8.0,0.5,0.7,25.0,77.0,25.0,2012
Bay,9/4/2012,0.0,3.7,7.0,0.3,0.8,25.0,85.0,29.44444444,2012
Bay,9/13/2012,,5.0,7.0,0.4,0.5,21.0,70.0,21.11111111,2012
Bay,10/4/2012,0.0,4.8,8.0,0.5,0.7,24.0,75.0,23.88888889,2012
Bay,11/8/2012,0.0,7.6,7.0,0.2,0.2,10.0,45.0,7.222222222,2012
Bay,11/29/2012,0.0,8.9,7.0,0.1,0.5,7.0,48.0,8.888888889,2012
Bay,12/13/2012,0.0,8.4,7.0,0.2,0.3,9.0,48.0,8.888888889,2012
A,1/10/2013,0.0,6.9,6.5,0.8,0.9,8.0,48.0,8.888888889,2013
A,3/13/2013,,5.0,6.5,,,11.0,48.0,8.888888889,2013
A,4/11/2013,0.0,5.9,6.0,0.4,0.9,21.0,67.0,19.44444444,2013
A,5/8/2013,0.0,5.6,7.0,0.5,0.6,22.0,70.0,21.11111111,2013
A,6/13/2013,0.0,6.1,7.5,0.7,0.7,29.0,83.0,28.33333333,2013
A,7/11/2013,0.0,4.1,7.0,0.7,0.9,26.0,81.0,27.22222222,2013
A,8/8/2013,0.0,5.3,6.0,0.1,0.7,28.0,80.0,26.66666667,2013
A,9/12/2013,0.0,4.8,7.0,0.6,0.6,26.0,75.0,23.88888889,2013
A,11/12/2013,0.0,7.0,7.0,0.5,0.7,13.0,54.0,12.22222222,2013
A,12/4/2013,0.0,8.8,,0.4,0.4,10.0,51.0,10.55555556,2013
B,1/10/2013,0.0,7.2,,0.3,0.3,10.0,49.0,9.444444444,2013
B,3/13/2013,,7.6,7.5,0.2,0.2,11.0,45.0,7.222222222,2013
B,4/11/2013,0.0,5.8,7.5,0.4,0.4,20.0,68.0,20.0,2013
B,5/8/2013,0.0,4.2,8.0,0.2,0.2,22.0,68.0,20.0,2013
B,6/13/2013,0.0,5.4,8.0,0.2,0.2,29.0,83.0,28.33333333,2013
B,8/8/2013,0.0,6.4,8.0,0.3,0.3,27.0,80.0,26.66666667,2013
B,12/4/2013,0.0,5.0,7.0,0.2,0.2,11.0,51.0,10.55555556,2013
D,2/28/2013,0.0,9.8,6.5,1.5,1.5,9.0,48.0,8.888888889,2013
D,3/28/2013,0.0,10.0,6.5,1.4,1.6,8.0,48.0,8.888888889,2013
D,4/26/2013,0.0,8.6,6.5,0.3,1.5,15.0,54.0,12.22222222,2013
D,5/25/2013,0.0,5.5,6.0,0.5,1.5,24.0,72.0,22.22222222,2013
D,7/25/2013,0.0,3.8,6.5,0.7,1.8,27.0,72.0,22.22222222,2013
D,8/8/2013,0.0,6.8,7.0,0.9,1.3,26.0,79.0,26.11111111,2013
D,8/22/2013,0.0,4.2,6.5,1.1,1.5,27.0,78.0,25.55555556,2013
D,9/26/2013,0.0,6.1,6.7,0.9,1.1,20.0,69.0,20.55555556,2013
D,10/22/2013,0.0,7.0,6.5,1.0,1.2,17.0,58.0,14.44444444,2013
D,11/19/2013,0.0,9.6,6.5,1.2,1.2,12.0,52.0,11.11111111,2013
D,12/11/2013,0.0,8.65,6.5,0.8,0.8,8.0,38.0,3.333333333,2013
Bay,1/10/2013,0.0,8.5,7.0,0.4,0.5,9.0,48.0,8.888888889,2013
Bay,1/24/2013,0.0,8.7,7.0,0.1,0.4,3.0,32.0,0.0,2013
Bay,2/14/2013,0.0,7.7,7.0,0.7,2.5,9.0,45.0,7.222222222,2013
Bay,2/28/2013,0.0,8.5,7.0,0.2,0.7,10.0,48.0,8.888888889,2013
Bay,3/13/2013,,10.0,7.5,0.2,0.6,11.0,45.0,7.222222222,2013
Bay,3/28/2013,0.0,10.0,7.0,0.2,0.3,8.0,48.0,8.888888889,2013
Bay,4/11/2013,0.0,8.0,7.0,0.3,0.9,20.0,64.0,17.77777778,2013
Bay,4/26/2013,0.0,8.9,7.0,0.2,0.2,14.0,54.0,12.22222222,2013
Bay,5/8/2013,0.0,8.2,7.0,0.3,0.7,19.0,67.0,19.44444444,2013
Bay,5/25/2013,0.0,6.1,7.5,0.4,0.9,24.0,72.0,22.22222222,2013
Bay,6/13/2013,0.0,6.9,7.5,0.5,0.7,26.0,81.0,27.22222222,2013
Bay,6/25/2013,0.0,6.7,7.5,0.4,0.9,26.0,78.0,25.55555556,2013
Bay,7/11/2013,0.0,6.8,7.5,0.5,0.9,26.0,81.0,27.22222222,2013
Bay,7/25/2013,0.0,5.9,8.0,0.5,0.8,26.0,72.0,22.22222222,2013
Bay,8/8/2013,0.0,6.8,8.5,0.5,0.8,24.0,79.0,26.11111111,2013
Bay,8/22/2013,0.0,6.0,8.5,0.5,0.7,26.0,78.0,25.55555556,2013
Bay,9/12/2013,0.0,4.3,8.0,0.5,0.8,25.0,75.0,23.88888889,2013
Bay,9/26/2013,0.0,6.1,8.5,0.3,0.4,19.0,69.0,20.55555556,2013
Bay,10/22/2013,0.0,7.9,7.0,0.7,0.8,16.0,58.0,14.44444444,2013
Bay,11/12/2013,0.0,9.8,7.5,0.4,0.6,11.0,54.0,12.22222222,2013
Bay,11/19/2013,0.0,7.1,7.0,0.3,0.5,12.0,52.0,11.11111111,2013
Bay,12/4/2013,0.0,7.0,7.5,0.2,0.5,11.0,50.0,10.0,2013
Bay,12/11/2013,0.0,8.35,7.0,0.2,0.5,8.0,38.0,3.333333333,2013
D,1/3/2014,0.0,7.9,6.5,1.1,1.2,5.0,26.0,-3.333333333,2014
Bay,1/3/2014,0.0,7.3,7.0,0.1,0.4,5.0,26.0,-3.333333333,2014
A,1/14/2014,0.0,6.8,6.5,0.5,0.5,11.0,53.0,11.66666667,2014
Bay,1/14/2014,0.0,8.7,7.0,0.4,0.6,11.0,53.0,11.66666667,2014
D,2/11/2014,0.0,10.0,6.5,0.8,1.4,2.0,29.0,-1.666666667,2014
Bay,2/11/2014,0.0,8.8,7.0,0.2,0.2,3.0,29.0,-1.666666667,2014
A,2/25/2014,0.0,6.0,6.5,0.3,0.5,9.0,41.0,5.0,2014
B,2/25/2014,0.0,8.1,7.0,0.3,0.3,8.0,41.0,5.0,2014
Bay,2/25/2014,0.0,6.9,7.0,0.3,0.5,9.0,41.0,5.0,2014
Bay,3/12/2014,0.0,8.2,7.5,0.2,0.5,14.0,57.0,13.88888889,2014
D,3/12/2014,0.0,8.2,6.0,1.2,1.4,14.0,54.0,12.22222222,2014
Bay,3/27/2014,0.0,10.0,7.0,0.2,0.3,4.0,40.0,4.444444444,2014
D,4/10/2014,0.0,8.2,6.5,0.9,1.6,16.0,53.0,11.66666667,2014
Bay,5/7/2014,0.0,6.8,7.0,0.5,0.9,18.0,60.0,15.55555556,2014
D,5/7/2014,0.0,6.6,6.5,0.5,1.5,19.0,60.0,15.55555556,2014
Bay,5/20/2014,0.0,7.3,7.5,0.4,0.5,18.0,67.0,19.44444444,2014
A,5/20/2014,0.0,3.0,6.5,0.2,0.3,21.0,67.0,19.44444444,2014
B,5/20/2014,0.0,3.86,7.5,0.5,0.5,20.0,68.0,20.0,2014
Bay,6/10/2014,0.0,5.4,7.0,0.4,0.8,15.0,72.0,22.22222222,2014
A,6/10/2014,0.0,0.0,7.0,0.5,0.7,27.0,74.0,23.33333333,2014
B,6/10/2014,0.0,0.0,8.0,0.3,0.3,27.0,23.0,-5.0,2014
C,6/10/2014,0.0,4.3,7.0,0.8,1.3,27.0,23.0,-5.0,2014
A,6/24/2014,0.0,4.0,7.0,0.6,0.6,25.0,78.0,25.55555556,2014
B,6/24/2014,0.0,6.0,7.0,0.1,0.1,27.0,78.0,25.55555556,2014
Bay,6/24/2014,0.0,4.2,8.0,0.4,0.6,24.0,78.0,25.55555556,2014
D,7/8/2014,0.0,5.8,6.5,1.0,1.3,28.0,83.0,28.33333333,2014
Bay,7/8/2014,0.0,4.2,7.5,0.5,0.8,25.0,83.0,28.33333333,2014
Bay,7/22/2014,0.0,3.7,7.5,0.4,0.6,26.0,80.0,26.66666667,2014
D,7/22/2014,0.0,5.3,7.0,0.8,1.3,27.0,80.0,26.66666667,2014
Bay,8/12/2014,0.0,3.9,8.0,4.5,7.5,25.0,79.0,26.11111111,2014
A,8/12/2014,0.0,3.0,8.0,0.1,0.1,26.0,80.0,26.66666667,2014
B,8/12/2014,0.0,2.4,6.5,0.5,0.8,26.0,80.0,26.66666667,2014
D,8/28/2014,0.0,5.3,6.5,1.0,1.5,25.0,78.0,25.55555556,2014
Bay,8/28/2014,0.0,3.9,8.5,0.35,0.45,24.0,78.0,25.55555556,2014
A,9/10/2014,0.0,4.6,6.5,0.4,0.4,24.0,75.0,23.88888889,2014
B,9/10/2014,0.0,3.7,6.5,0.2,0.2,25.0,75.0,23.88888889,2014
Bay,9/10/2014,0.0,2.7,7.5,0.5,0.8,24.0,75.0,23.88888889,2014
Bay,9/23/2014,0.0,7.0,8.0,0.4,0.6,20.0,63.0,17.22222222,2014
D,9/23/2014,0.0,6.3,,1.0,1.3,20.0,63.0,17.22222222,2014
A,10/7/2014,0.0,6.4,7.0,0.3,0.3,20.0,67.0,19.44444444,2014
B,10/7/2014,0.0,5.9,7.0,0.1,0.1,17.0,67.0,19.44444444,2014
D,10/21/2014,0.0,7.6,6.0,1.3,1.3,18.0,68.0,20.0,2014
Bay,10/21/2014,0.0,6.5,7.5,0.4,0.7,16.5,68.0,20.0,2014
Bay,11/13/2014,0.0,7.0,7.0,0.3,0.4,13.0,51.0,10.55555556,2014
A,11/13/2014,0.0,7.2,6.5,0.3,0.3,14.0,51.0,10.55555556,2014
B,11/13/2014,0.0,6.2,7.5,0.15,0.15,13.0,51.0,10.55555556,2014
Bay,12/2/2014,0.0,9.8,7.0,0.4,0.6,11.0,48.0,8.888888889,2014
D,12/2/2014,0.0,9.7,6.0,1.2,1.2,10.0,48.0,8.888888889,2014
Bay,12/19/2014,0.0,7.6,9.0,0.5,0.5,11.0,42.0,5.555555556,2014
A,12/19/2014,0.0,7.3,7.0,0.6,1.0,7.0,42.0,5.555555556,2014
B,12/19/2014,0.0,6.3,6.5,0.15,0.15,7.0,42.0,5.555555556,2014
Bay,1/6/2015,0.0,8.9,7.0,0.4,0.6,9.0,38.0,3.333333333,2015
D,1/6/2015,0.0,9.0,6.5,1.3,1.5,9.0,38.0,3.333333333,2015
Bay,1/20/2015,0.0,8.3,7.0,0.2,0.6,7.0,44.0,6.666666667,2015
D,1/20/2015,0.0,9.0,6.5,1.0,1.4,8.0,45.0,7.222222222,2015
A,2/3/2015,0.0,9.7,6.5,0.4,0.5,3.0,32.0,0.0,2015
B,2/3/2015,0.0,7.6,6.5,0.3,0.3,3.0,35.0,1.666666667,2015
D,2/24/2015,0.0,10.0,6.5,0.1,0.15,0.0,25.0,-3.888888889,2015
Bay,2/24/2015,0.0,9.2,7.0,0.2,0.2,3.0,25.0,-3.888888889,2015
Bay,4/21/2015,0.0,7.1,7.0,0.3,0.9,20.0,65.0,18.33333333,2015
B,4/21/2015,0.0,5.3,7.5,,,20.0,65.0,18.33333333,2015
A,4/21/2015,0.0,4.0,6.5,0.3,0.4,19.0,65.0,18.33333333,2015
Bay,4/7/2015,0.0,8.2,7.0,0.2,0.6,15.0,64.0,17.77777778,2015
D,4/7/2015,0.0,7.4,6.5,0.9,1.3,16.0,64.0,17.77777778,2015
Bay,3/24/2015,0.0,10.0,7.0,0.3,0.3,9.0,40.0,4.444444444,2015
B,3/24/2015,0.0,10.0,7.0,0.4,0.5,9.0,41.0,5.0,2015
A,3/24/2015,0.0,7.8,7.0,0.3,0.3,10.0,41.0,5.0,2015
Bay,5/7/2015,0.0,6.3,7.5,0.3,0.6,20.0,65.0,18.33333333,2015
D,5/7/2015,0.0,7.7,7.0,1.1,1.3,20.0,65.0,18.33333333,2015
Bay,6/1/2015,0.0,4.3,7.5,0.4,0.9,25.0,74.0,23.33333333,2015
D,6/1/2015,0.0,5.8,7.0,0.2,0.9,27.0,75.0,23.88888889,2015
Bay,6/11/2015,0.0,5.0,8.5,0.4,0.8,26.0,78.0,25.55555556,2015
B,6/11/2015,0.0,4.0,8.0,0.5,0.5,27.0,83.0,28.33333333,2015
A,6/11/2015,0.0,5.1,8.0,0.5,0.6,28.0,84.0,28.88888889,2015
B,7/23/2015,0.0,7.0,7.5,0.3,0.3,31.0,82.0,27.77777778,2015
A,7/23/2015,0.0,6.0,7.5,0.4,0.4,30.0,82.0,27.77777778,2015
Bay,7/23/2015,0.0,7.0,9.0,0.5,0.8,27.0,81.0,27.22222222,2015
Bay,9/22/2015,0.0,4.5,8.0,0.3,0.3,23.0,73.0,22.77777778,2015
Bay,9/9/2015,0.0,2.9,9.0,0.05,0.05,26.0,81.0,27.22222222,2015
Bay,10/7/2015,0.0,5.5,7.0,0.3,0.5,18.0,65.0,18.33333333,2015
A,10/13/2015,0.0,6.7,7.0,0.4,0.4,15.0,52.0,11.11111111,2015
B,10/13/2015,0.0,6.0,7.0,0.05,0.05,12.0,50.0,10.0,2015
Bay,10/13/2015,0.0,4.9,7.0,0.4,0.6,12.0,50.0,10.0,2015
D,11/3/2015,0.0,6.6,6.5,1.2,1.3,18.0,65.0,18.33333333,2015
Bay,11/3/2015,0.0,6.6,7.0,0.4,0.6,28.0,65.0,18.33333333,2015
Bay,11/17/2015,0.0,5.5,7.5,0.25,0.8,13.0,55.0,12.77777778,2015
A,11/17/2015,0.0,6.5,6.5,0.5,0.5,15.0,56.0,13.33333333,2015
B,11/17/2015,0.0,8.0,7.0,0.1,0.1,14.0,55.0,12.77777778,2015
D,12/15/2015,0.0,6.6,6.0,0.7,1.8,16.0,63.0,17.22222222,2015
Bay,12/15/2015,0.0,7.9,7.0,0.5,0.8,17.0,63.0,17.22222222,2015
D,12/30/2015,0.0,6.2,6.0,0.7,1.4,19.0,59.0,15.0,2015
Bay,12/30/2015,0.0,8.7,7.0,0.7,0.9,18.0,59.0,15.0,2015
A,1/13/2016,0.0,6.5,6.5,0.5,0.8,7.0,39.0,3.888888889,2016
Bay,1/13/2016,0.0,9.1,7.0,0.5,0.9,5.0,39.0,3.888888889,2016
B,1/13/2016,0.0,6.6,6.5,0.3,0.3,5.0,40.0,4.444444444,2016
D,2/11/2016,0.0,10.0,5.5,0.6,1.3,3.0,27.0,-2.777777778,2016
Bay,2/11/2016,0.0,9.5,7.0,0.1,0.2,5.0,27.0,-2.777777778,2016
Bay,2/23/2016,0.0,9.0,7.0,0.4,0.6,11.0,48.0,8.888888889,2016
B,2/23/2016,0.0,8.0,,0.4,0.4,11.0,48.0,8.888888889,2016
A,2/23/2016,0.0,7.5,6.5,0.5,1.0,11.0,48.0,8.888888889,2016
Bay,3/8/2016,0.0,9.5,7.0,0.3,0.7,11.0,60.0,15.55555556,2016
D,3/8/2016,0.0,9.5,6.5,0.9,1.8,12.0,60.0,15.55555556,2016
A,3/22/2016,0.0,7.1,6.5,0.6,0.6,11.0,48.0,8.888888889,2016
B,3/22/2016,0.0,6.5,7.0,0.3,0.3,11.0,50.0,10.0,2016
Bay,3/22/2016,0.0,7.1,7.0,0.4,0.4,10.0,48.0,8.888888889,2016
D,4/14/2016,0.0,6.0,6.5,0.9,1.3,14.0,48.0,8.888888889,2016
Bay,4/14/2016,0.0,7.9,7.0,0.3,0.3,13.0,48.0,8.888888889,2016
Bay,5/3/2016,0.0,4.5,7.0,0.4,0.9,21.0,65.0,18.33333333,2016
A,8/31/2016,0.0,3.9,7.5,0.4,0.4,28.0,82.0,27.77777778,2016
B,8/31/2016,0.0,4.2,8.5,0.01,0.01,28.0,81.0,27.22222222,2016
Bay,8/31/2016,0.0,4.3,8.5,0.3,0.5,27.0,81.0,27.22222222,2016
Bay,9/22/2016,0.0,3.2,7.0,0.9,1.0,23.0,75.0,23.88888889,2016
A,10/5/2016,0.0,3.8,6.5,0.5,0.5,22.0,70.0,21.11111111,2016
B,10/5/2016,0.0,2.9,6.5,0.3,0.3,25.0,70.0,21.11111111,2016
D,,0.0,3.9,6.5,0.3,1.8,22.0,70.0,21.11111111,1899
Bay,10/5/2016,0.0,6.8,,0.4,0.6,21.0,70.0,21.11111111,2016
D,10/18/2016,0.0,6.0,6.5,0.5,1.4,25.0,66.0,18.88888889,2016
B,11/2/2016,0.0,3.8,6.5,0.2,0.2,16.0,60.0,15.55555556,2016
A,11/2/2016,0.0,4.4,6.5,0.2,0.4,16.0,60.0,15.55555556,2016
Bay,11/2/2016,0.0,6.3,6.7,0.7,0.7,17.0,60.0,15.55555556,2016
D,11/16/2016,0.0,8.8,6.5,1.0,1.3,14.0,55.0,12.77777778,2016
Bay,11/16/2016,0.0,9.0,7.0,0.7,0.8,13.0,55.0,12.77777778,2016
Bay,12/7/2016,0.0,7.6,7.0,0.4,0.5,11.0,48.0,8.888888889,2016
D,12/7/2016,0.0,10.0,6.5,0.9,1.1,11.0,48.0,8.888888889,2016
Bay,12/20/2016,0.0,6.7,7.0,3.0,3.5,5.0,38.0,3.333333333,2016
D,12/20/2016,0.0,10.0,6.5,1.7,1.7,5.0,38.0,3.333333333,2016
A,1/24/2017,0.0,7.9,,0.5,0.6,9.0,45.0,7.222222222,2017
Bay,1/24/2017,0.0,3.2,7.0,0.3,0.6,9.0,45.0,7.222222222,2017
B,1/24/2017,0.0,7.6,6.5,0.3,0.5,8.0,45.0,7.222222222,2017
D,2/7/2017,0.0,10.0,6.5,0.9,1.3,10.0,58.0,14.44444444,2017
Bay,2/7/2017,0.0,8.2,7.0,0.3,0.6,9.0,58.0,14.44444444,2017
A,2/21/2017,0.0,5.7,6.5,0.5,0.9,13.0,50.0,10.0,2017
Bay,2/21/2017,0.0,5.2,7.0,0.3,0.5,13.0,48.0,8.888888889,2017
B,2/21/2017,0.0,5.2,7.0,0.5,0.5,12.0,48.0,8.888888889,2017
Bay,3/8/2017,0.0,7.1,7.0,0.3,0.5,13.0,47.0,8.333333333,2017
D,3/8/2017,0.0,10.0,6.5,1.6,1.6,12.0,47.0,8.333333333,2017
B,3/21/2017,0.0,5.0,7.0,0.3,0.3,10.0,51.0,10.55555556,2017
Bay,3/21/2017,0.0,3.2,7.0,0.3,0.3,10.0,50.0,10.0,2017
A,5/25/2017,0.0,4.2,6.5,0.6,0.8,22.0,72.0,22.22222222,2017
A,7/25/2017,0.0,3.6,7.0,0.8,0.9,27.0,82.0,27.77777778,2017
B,6/19/2017,0.0,3.9,7.0,0.5,0.5,26.0,72.0,22.22222222,2017
B,7/25/2017,0.0,4.2,7.0,0.2,0.2,28.0,81.0,27.22222222,2017
D,4/18/2017,0.0,7.3,6.0,1.0,1.1,17.0,61.0,16.11111111,2017
D,5/11/2017,0.0,6.5,6.5,0.8,1.7,19.0,62.0,16.66666667,2017
D,6/7/2017,0.0,4.6,6.5,0.7,1.6,22.0,64.0,17.77777778,2017
D,7/11/2017,0.0,5.3,6.5,0.7,1.1,29.0,75.0,23.88888889,2017
Bay,4/18/2017,0.0,6.0,6.0,0.4,0.7,20.0,61.0,16.11111111,2017
Bay,5/11/2017,0.0,5.0,6.0,0.4,0.4,18.0,62.0,16.66666667,2017
Bay,5/25/2017,0.0,6.9,7.0,0.5,0.9,20.0,72.0,22.22222222,2017
Bay,6/7/2017,0.0,3.5,6.0,0.6,0.9,21.0,64.0,17.77777778,2017
Bay,6/19/2017,0.0,4.3,6.5,0.5,1.0,25.0,72.0,22.22222222,2017
Bay,7/11/2017,0.0,4.7,7.0,0.4,0.9,27.0,75.0,23.88888889,2017
Bay,7/25/2017,0.0,6.2,7.0,0.4,0.9,26.0,81.0,27.22222222,2017
D,4/4/2017,0.0,6.2,6.5,1.0,1.1,19.0,70.0,21.11111111,2017
Bay,4/4/2017,0.0,4.2,6.25,0.2,0.9,19.0,69.0,20.55555556,2017
D,8/8/2017,0.0,4.8,,0.9,1.7,25.0,70.0,21.11111111,2017
Bay,8/8/2017,0.0,6.2,7.0,0.4,0.9,25.0,70.0,21.11111111,2017
D,9/12/2017,0.0,5.8,6.5,1.0,1.7,20.0,72.0,22.22222222,2017
Bay,9/12/2017,0.0,6.0,7.0,0.3,0.3,20.0,72.0,22.22222222,2017
B,9/29/2017,0.0,3.0,7.0,0.1,0.1,24.5,78.0,25.55555556,2017
D,10/12/2017,0.0,5.8,6.5,1.8,2.1,26.0,74.0,23.33333333,2017
Bay,10/12/2017,0.0,5.2,7.0,1.5,1.9,25.0,74.0,23.33333333,2017
Bay,10/26/2017,0.0,7.1,7.0,0.35,0.8,26.0,54.0,12.22222222,2017
A,10/26/2017,0.0,6.8,6.5,0.2,0.4,27.0,54.0,12.22222222,2017
B,10/26/2017,0.0,4.1,6.5,0.2,0.2,26.0,54.0,12.22222222,2017
Bay,11/8/2017,,6.6,7.0,0.5,0.5,16.0,52.0,11.11111111,2017
D,11/8/2017,,6.9,6.5,1.2,1.5,16.0,52.0,11.11111111,2017
B,11/29/2017,0.0,5.2,6.5,0.2,0.2,6.0,48.0,8.888888889,2017
D,12/12/2017,0.0,9.9,6.5,1.3,1.3,7.0,48.0,8.888888889,2017
Bay,11/29/2017,0.0,10.0,7.0,0.6,0.8,9.0,48.0,8.888888889,2017
Bay,12/12/2017,0.0,10.0,7.0,0.6,0.8,9.0,48.0,8.888888889,2017
A,3/22/2018,0.0,8.0,6.5,0.7,0.9,7.0,40.0,4.444444444,2018
A,5/25/2018,0.1,4.0,6.5,5.5,7.0,26.0,84.0,28.88888889,2018
A,6/27/2018,0.1,4.7,4.8,0.5,0.5,27.0,76.0,24.44444444,2018
A,8/14/2018,0.0,3.8,6.5,0.4,1.2,28.0,78.0,25.55555556,2018
A,9/20/2018,0.09,4.4,6.5,0.3,0.5,28.0,80.0,26.66666667,2018
A,1/31/2018,0.0,10.0,7.0,1.0,1.0,3.0,30.0,-1.111111111,2018
B,1/31/2018,0.0,7.7,6.5,0.4,0.5,3.0,30.0,-1.111111111,2018
B,3/22/2018,0.0,9.8,6.5,0.2,0.2,5.0,40.0,4.444444444,2018
B,4/17/2018,1.0,8.0,6.5,0.4,0.4,10.0,48.0,8.888888889,2018
B,5/25/2018,0.6,4.9,7.0,0.4,0.4,26.1,74.0,23.33333333,2018
B,6/27/2018,0.7,3.7,7.0,0.2,0.2,26.0,76.0,24.44444444,2018
B,8/14/2018,0.0,7.3,6.5,0.2,0.2,27.0,77.0,25.0,2018
B,9/20/2018,0.0,5.0,6.5,0.2,0.2,28.0,80.0,26.66666667,2018
D,1/16/2018,0.0,10.0,6.5,1.6,1.6,4.0,37.0,2.777777778,2018
D,2/14/2018,0.0,9.5,6.5,1.3,1.4,6.0,45.0,7.222222222,2018
D,3/7/2018,0.0,10.0,6.5,1.0,1.5,8.0,47.0,8.333333333,2018
D,4/4/2018,1.0,8.0,,0.9,1.3,18.0,70.0,21.11111111,2018
D,5/10/2018,0.0,6.3,6.5,0.8,1.2,21.4,63.0,17.22222222,2018
D,6/14/2018,0.0,5.0,6.5,0.8,1.3,27.0,82.0,27.77777778,2018
D,7/18/2018,0.0,4.0,,0.8,1.5,27.0,80.0,26.66666667,2018
D,8/1/2018,0.0,4.0,6.5,0.5,1.6,28.0,82.0,27.77777778,2018
D,9/4/2018,0.0,3.2,6.5,0.8,1.3,30.0,83.0,28.33333333,2018
D,9/20/2018,0.0,5.0,6.5,0.4,1.4,25.0,80.0,26.66666667,2018
Bay,1/31/2018,0.0,8.0,7.0,0.1,0.2,4.0,30.0,-1.111111111,2018
Bay,2/14/2018,0.0,6.0,6.0,0.5,0.5,5.0,45.0,7.222222222,2018
Bay,3/7/2018,0.0,9.2,7.0,0.1,0.1,9.0,47.0,8.333333333,2018
Bay,3/22/2018,0.0,8.8,6.0,0.2,0.5,6.0,40.0,4.444444444,2018
Bay,4/4/2018,0.66,7.9,6.5,0.1,0.9,17.0,70.0,21.11111111,2018
Bay,4/17/2018,1.2,7.8,6.5,0.2,1.0,14.0,48.0,8.888888889,2018
Bay,5/10/2018,0.18,6.0,6.5,0.2,0.4,20.0,62.0,16.66666667,2018
Bay,5/25/2018,2.3,6.9,6.5,0.4,0.9,25.0,73.0,22.77777778,2018
Bay,6/14/2018,0.1,5.6,7.0,0.5,0.9,24.0,82.0,27.77777778,2018
Bay,6/27/2018,,6.0,7.0,0.4,0.8,24.0,76.0,24.44444444,2018
Bay,7/18/2018,2.6,6.2,7.0,0.6,0.9,26.0,80.0,26.66666667,2018
Bay,8/1/2018,1.9,3.8,7.0,0.5,1.2,26.0,82.0,27.77777778,2018
Bay,8/14/2018,2.1,6.0,7.0,0.5,0.9,26.0,76.0,24.44444444,2018
Bay,9/4/2018,1.9,6.2,7.5,0.4,0.7,28.0,82.0,27.77777778,2018
Bay,9/20/2018,1.6,4.2,7.0,0.4,1.0,25.0,78.0,25.55555556,2018
A,5/23/2019,0.0,4.9,7.0,0.4,0.6,25.0,69.0,20.55555556,2019
A,8/20/2019,0.0,3.6,7.0,0.5,0.5,28.0,84.0,28.88888889,2019
A,9/18/2019,0.0,4.6,7.0,0.6,0.6,23.0,71.0,21.66666667,2019
A,10/23/2019,0.0,5.9,7.0,0.5,1.0,20.0,63.0,17.22222222,2019
B,4/24/2019,0.2,7.0,,0.5,0.5,23.0,69.0,20.55555556,2019
B,5/23/2019,0.0,4.1,7.0,0.3,0.3,27.0,69.0,20.55555556,2019
B,9/18/2019,0.0,4.7,6.5,0.2,0.2,23.0,71.0,21.66666667,2019
B,10/23/2019,0.0,4.6,6.5,0.2,0.2,20.0,63.0,17.22222222,2019
D,5/8/2019,0.24,4.8,6.5,0.7,0.13,24.0,70.0,21.11111111,2019
D,6/5/2019,0.0,4.1,7.0,0.6,1.1,15.0,72.0,22.22222222,2019
D,7/3/2019,0.0,5.9,7.0,0.4,1.1,28.0,86.0,30.0,2019
D,8/6/2019,0.0,3.6,6.5,0.7,1.2,25.0,79.0,26.11111111,2019
D,9/3/2019,0.0,5.5,7.0,0.5,1.2,28.0,80.0,26.66666667,2019
Bay,4/24/2019,0.7,4.0,6.5,0.3,1.0,22.0,68.0,20.0,2019
Bay,5/8/2019,0.8,5.3,7.0,0.4,0.7,22.0,69.0,20.55555556,2019
Bay,5/23/2019,0.8,6.9,7.0,0.4,0.9,22.0,69.0,20.55555556,2019
Bay,6/5/2019,9.0,4.2,8.0,0.4,0.9,24.0,72.0,22.22222222,2019
Bay,7/3/2019,0.0,6.5,7.5,0.4,0.9,26.0,85.0,29.44444444,2019
Bay,8/6/2019,0.01,4.4,7.5,0.4,0.8,25.0,79.0,26.11111111,2019
Bay,8/20/2019,0.0,4.0,7.0,0.4,1.0,26.0,82.0,27.77777778,2019
Bay,9/3/2019,0.0,4.5,9.0,0.4,0.9,27.0,79.0,26.11111111,2019
Bay,9/18/2019,0.5,4.1,7.5,0.4,0.4,22.8,71.0,21.66666667,2019
Bay,10/11/2019,0.1,6.0,,0.3,0.3,19.0,65.0,18.33333333,2019
Bay,10/23/2019,0.5,6.2,7.0,0.5,0.9,19.0,63.0,17.22222222,2019
A,2/28/2019,0.0,10.0,7.0,0.4,1.3,10.0,46.0,7.777777778,2019
A,3/26/2019,0.0,7.0,6.5,0.0,0.4,11.0,44.0,6.666666667,2019
B,2/28/2019,0.0,8.7,6.5,0.4,0.4,10.0,46.0,7.777777778,2019
B,3/26/2019,0.0,9.5,7.0,0.3,0.3,12.0,44.0,6.666666667,2019
D,2/6/2019,0.0,10.0,6.5,1.0,1.5,13.0,46.0,7.777777778,2019
D,3/14/2019,0.0,8.3,6.5,1.0,1.4,16.0,59.0,15.0,2019
D,4/10/2019,0.0,6.7,6.5,0.9,1.4,20.0,57.0,13.88888889,2019
Bay,2/6/2019,0.0,6.0,7.0,0.4,0.6,15.0,56.0,13.33333333,2019
Bay,2/28/2019,0.7,10.0,6.5,0.4,0.6,12.0,46.0,7.777777778,2019
Bay,3/14/2019,0.6,8.7,6.5,0.4,0.8,15.0,59.0,15.0,2019
Bay,4/26/2019,0.6,10.0,6.5,0.1,0.4,12.0,44.0,6.666666667,2019
Bay,4/10/2019,0.0,7.4,6.5,0.2,0.7,19.0,57.0,13.88888889,2019
A,8/27/2015,0.0,5.7,7.0,0.2,0.4,25.0,79.0,26.11111111,2015
A,9/9/2015,0.0,10.0,7.5,0.2,0.2,29.0,83.0,28.33333333,2015
B,8/27/2015,0.0,3.2,8.5,0.2,0.2,23.0,79.0,26.11111111,2015
B,9/22/2015,0.0,2.3,8.0,0.3,0.3,24.0,73.0,22.77777778,2015
D,8/13/2015,0.0,6.1,6.0,0.9,1.1,27.0,82.0,27.77777778,2015
D,9/9/2015,0.0,4.8,7.0,0.6,0.9,28.0,82.0,27.77777778,2015
Bay,8/13/2015,0.0,6.3,9.0,0.4,0.4,26.0,82.0,27.77777778,2015
Bay,8/27/2015,0.0,5.0,8.5,0.4,0.7,23.0,79.0,26.11111111,2015
A,10/24/2018,0.0,6.6,6.5,0.2,0.7,15.0,58.0,14.44444444,2018
B,10/24/2018,0.1,6.7,6.5,0.2,0.2,15.0,58.0,14.44444444,2018
B,10/28/2018,0.1,5.0,7.0,0.4,0.5,13.0,49.0,9.444444444,2018
B,11/7/2018,,0.0,7.0,0.2,0.2,20.0,65.0,18.33333333,2018
D,10/11/2018,0.0,6.0,6.5,0.7,1.2,26.0,78.0,25.55555556,2018
D,11/7/2018,0.0,6.9,6.5,0.9,1.3,20.0,65.0,18.33333333,2018
Bay,10/11/2018,1.9,5.0,7.0,4.0,1.2,25.0,78.0,25.55555556,2018
Bay,10/24/2018,0.0,9.0,7.0,0.3,0.6,18.0,58.0,14.44444444,2018
Bay,10/28/2018,0.9,2.9,7.0,0.4,0.9,13.0,49.0,9.444444444,2018
